[{"model": "main.albom", "pk": 9, "fields": {"name": "День поля в Калуге", "date": "2023-09-18", "picture": "albom/7.jpg", "description": "День поля в Калуге", "slug": "den-polya-v-kaluge"}}, {"model": "main.albom", "pk": 10, "fields": {"name": "День поля в Шатилово", "date": "2023-09-18", "picture": "albom/АПК-АБА_14.jpg", "description": "День поля в Шатилово", "slug": "den-polya-v-shatilovo"}}, {"model": "main.albom", "pk": 11, "fields": {"name": "С представителями предприятий", "date": "2023-09-18", "picture": "albom/АПК-АБА_11.jpg", "description": "С представителями предприятий", "slug": "s-predstavitelyami-predpriyatij"}}, {"model": "main.albom", "pk": 12, "fields": {"name": "На выставке «Импортозамещение»", "date": "2023-09-18", "picture": "albom/11.jpg", "description": "На выставке «Импортозамещение»", "slug": "na-vystavke-importozameshenie"}}, {"model": "main.albom", "pk": 13, "fields": {"name": "Сервисная служба компании", "date": "2023-09-18", "picture": "albom/6.jpg", "description": "Сервисная служба компании", "slug": "servisnaya-sluzhba-kompanii"}}, {"model": "main.albom", "pk": 14, "fields": {"name": "Инженерный состав и техника сервисной службы", "date": "2023-09-18", "picture": "albom/4.jpg", "description": "Инженерный состав и техника сервисной службы", "slug": "inzhenernyj-sostav-i-tehnika-servisnoj-sluzhby"}}, {"model": "main.albom", "pk": 15, "fields": {"name": "Руководящий и инженерный состав компании", "date": "2023-09-18", "picture": "albom/АПК-АБА_600.jpg", "description": "Руководящий и инженерный состав компании", "slug": "rukovodyashij-i-inzhenernyj-sostav-kompanii"}}, {"model": "main.photo", "pk": 7, "fields": {"picture": "galery/АПК-АБА_600.jpg", "describe": "Руководящий и инженерный состав компании", "albom_id": 15}}, {"model": "main.photo", "pk": 8, "fields": {"picture": "galery/4.jpg", "describe": "Инженерный состав и техника сервисной службы", "albom_id": 14}}, {"model": "main.photo", "pk": 9, "fields": {"picture": "galery/6.jpg", "describe": "Сервисная служба компании", "albom_id": 13}}, {"model": "main.photo", "pk": 10, "fields": {"picture": "galery/11.jpg", "describe": "На выставке «Импортозамещение»", "albom_id": 12}}, {"model": "main.photo", "pk": 11, "fields": {"picture": "galery/АПК-АБА_11.jpg", "describe": "С представителями предприятий", "albom_id": 11}}, {"model": "main.photo", "pk": 12, "fields": {"picture": "galery/АПК-АБА_14.jpg", "describe": "День поля в Шатилово", "albom_id": 10}}, {"model": "main.photo", "pk": 13, "fields": {"picture": "galery/5.jpg", "describe": "День поля в Калуге", "albom_id": 9}}, {"model": "main.photo", "pk": 14, "fields": {"picture": "galery/13.jpg", "describe": "День поля в Калуге", "albom_id": 9}}, {"model": "main.photo", "pk": 15, "fields": {"picture": "galery/7.jpg", "describe": "День поля в Калуге", "albom_id": 9}}, {"model": "main.banner_akcii", "pk": 6, "fields": {"title": "Успейте купить трактор \"КИРОВЕЦ\" с максимальной скидкой", "image": "banner/1_W2C3MDy.jpg", "short_description": "Подробная информация в разделе \"АКЦИИ\"", "content": "Подробная информация в разделе \"АКЦИИ\"", "href": "Успейте купить трактор \"КИРОВЕЦ\" с максимальной скидкой"}}, {"model": "main.banner_akcii", "pk": 7, "fields": {"title": "Полуприцепы тракторные АО ПК \"ЯРОСЛАВИЧ\" от 12 до 30 тонн в наличии на заводе", "image": "banner/2.jpg", "short_description": "Полуприцепы тракторные АО ПК \"ЯРОСЛАВИЧ\" от 12 до 30 тонн в наличии на заводе", "content": "Полуприцепы тракторные АО ПК \"ЯРОСЛАВИЧ\" от 12 до 30 тонн в наличии на заводе", "href": ""}}, {"model": "main.banner_akcii", "pk": 8, "fields": {"title": "Посевной комплекс D-9900 FEAT AGRO в наличии на складе в Орле", "image": "banner/3.jpg", "short_description": "Посевной комплекс D-9900 FEAT AGRO в наличии на складе в Орле", "content": "Посевной комплекс D-9900 FEAT AGRO в наличии на складе в Орле", "href": "Посевной комплекс D-9900 FEAT AGRO в наличии на складе в Орле"}}, {"model": "main.categories", "pk": 7, "fields": {"name": "Тракторы", "icon": "categoties_icons/1.png", "parent": null, "slug": "traktory"}}, {"model": "main.categories", "pk": 8, "fields": {"name": "Машины для уборки зерновых и зернобобовых культур", "icon": "categoties_icons/2.png", "parent": null, "slug": "mashiny-dlya-uborki-zernovyh-i-zernobobovyh-kultur"}}, {"model": "main.categories", "pk": 9, "fields": {"name": "Прицепы", "icon": "categoties_icons/3.png", "parent": null, "slug": "pricepy"}}, {"model": "main.categories", "pk": 10, "fields": {"name": "Машины для внесения удобрений", "icon": "categoties_icons/4.png", "parent": null, "slug": "mashiny-dlya-vneseniya-udobrenij"}}, {"model": "main.categories", "pk": 11, "fields": {"name": "Почвообрабатывающие машины", "icon": "categoties_icons/5.png", "parent": null, "slug": "pochvoobrabatyvayushie-mashiny"}}, {"model": "main.categories", "pk": 12, "fields": {"name": "Посевные машины", "icon": "categoties_icons/6.png", "parent": null, "slug": "posevnye-mashiny"}}, {"model": "main.categories", "pk": 13, "fields": {"name": "Техника для средств защиты растений", "icon": "categoties_icons/7.png", "parent": null, "slug": "tehnika-dlya-sredstv-zashity-rastenij"}}, {"model": "main.categories", "pk": 14, "fields": {"name": "Техника для картофеля", "icon": "categoties_icons/8.png", "parent": null, "slug": "tehnika-dlya-kartofelya"}}, {"model": "main.categories", "pk": 15, "fields": {"name": "Машины для уборки кормовых культур", "icon": "categoties_icons/9.png", "parent": null, "slug": "mashiny-dlya-uborki-kormovyh-kultur"}}, {"model": "main.categories", "pk": 16, "fields": {"name": "Техника по доработке, сушке и хранению зерна", "icon": "categoties_icons/10.png", "parent": null, "slug": "tehnika-po-dorabotke-sushke-i-hraneniyu-zerna"}}, {"model": "main.categories", "pk": 17, "fields": {"name": "Техника для животноводства", "icon": "categoties_icons/11.png", "parent": null, "slug": "tehnika-dlya-zhivotnovodstva"}}, {"model": "main.categories", "pk": 18, "fields": {"name": "Погрузчики с/х назначения", "icon": "categoties_icons/12.png", "parent": null, "slug": "pogruzchiki-sh-naznacheniya"}}, {"model": "main.categories", "pk": 19, "fields": {"name": "Камнеуборочные машины", "icon": "categoties_icons/13.png", "parent": null, "slug": "kamneuborochnye-mashiny"}}, {"model": "main.categories", "pk": 20, "fields": {"name": "Коммунальная техника", "icon": "categoties_icons/14.png", "parent": null, "slug": "kommunalnaya-tehnika"}}, {"model": "main.categories", "pk": 21, "fields": {"name": "Строительная техника", "icon": "categoties_icons/15.png", "parent": null, "slug": "stroitelnaya-tehnika"}}, {"model": "main.categories", "pk": 22, "fields": {"name": "Жатки", "icon": "categoties_icons/16.png", "parent": null, "slug": "zhatki"}}, {"model": "main.categories", "pk": 23, "fields": {"name": "Автомобили", "icon": "categoties_icons/17.png", "parent": null, "slug": "avtomobili"}}, {"model": "main.categories", "pk": 24, "fields": {"name": "Колесные", "icon": "categoties_icons/1_CnMBwWh.png", "parent": 7, "slug": "kolesnye"}}, {"model": "main.categories", "pk": 25, "fields": {"name": "Гусеничные", "icon": "categoties_icons/1_VgILi2E.png", "parent": 7, "slug": "gusenichnye"}}, {"model": "main.machine", "pk": 2, "fields": {"name": "КИРОВЕЦ К-7М", "main_image": "machine/К-7М_600.jpg", "preview_description": "<h1 class=\"model-info-title\"><span style=\"font-family: arial, helvetica, sans-serif;\">КИРОВЕЦ К-7М</span></h1>\r\n\r\n<h3><span style=\"text-decoration: underline; font-family: arial, helvetica, sans-serif;\"><span style=\"color: #ff9900; text-decoration: underline;\">Технические характеристики:</span></span></h3>\r\n\r\n<div class=\"model-info-desc-box\">\r\n<div class=\"model-info-desc\">\r\n<p style=\"text-align: justify;\"><span style=\"font-size: 12pt;\">Сельскохозяйственный трактор общего назначения, полноприводный, шарнирно-сочлененная рама</span></p>\r\n</div>\r\n</div>\r\n\r\n<div class=\"model-info-desc-box\">\r\n<div class=\"model-info-parameter\" id=\"POWER\"><span style=\"font-size: 12pt; color: #0000ff;\">Мощность:</span></div>\r\n\r\n<div class=\"model-info-value\"><span style=\"font-size: 12pt;\">300&hellip;428 л.с., ТМЗ</span></div>\r\n\r\n<div class=\"model-info-parameter\" id=\"WEIGHT\"><span style=\"font-size: 12pt; color: #0000ff;\">Масса:</span></div>\r\n\r\n<div class=\"model-info-value\"><span style=\"font-size: 12pt;\">15 200&hellip;18 800 кг</span></div>\r\n\r\n<div class=\"model-info-parameter\" id=\"AGROHITCH\"><span style=\"font-size: 12pt; color: #0000ff;\">Сельхознавеска:</span></div>\r\n\r\n<div class=\"model-info-value\" style=\"text-align: justify;\"><span style=\"font-size: 12pt;\">грузоподъемность 9000 кг, тяговый брус в базовой комплектации</span></div>\r\n\r\n<div class=\"model-info-parameter\" id=\"TRANSMISSION\"><span style=\"font-size: 12pt; color: #0000ff;\">Трансмиссия:</span></div>\r\n\r\n<div class=\"model-info-value\" style=\"text-align: justify;\"><span style=\"font-size: 12pt;\">Автоматизированная коробка передач Т7 с системой управления КОМАНДПОСТ-4А</span></div>\r\n\r\n<div class=\"model-info-parameter\" id=\"CHASSIS\"><span style=\"font-size: 12pt; color: #0000ff;\">Подвеска:</span></div>\r\n\r\n<div class=\"model-info-value\" style=\"text-align: justify;\"><span style=\"font-size: 12pt;\">передний мост подрессоренный, задний жестко закреплён</span></div>\r\n</div>\r\n\r\n<p>&nbsp;\r\n<p style=\"text-align: justify;\">&nbsp;</p>\r\n</p>", "description": "<h1 class=\"model-info-title\"><span style=\"font-family: arial, helvetica, sans-serif;\">КИРОВЕЦ К-7М</span></h1>\r\n\r\n<h3><span style=\"text-decoration: underline; font-family: arial, helvetica, sans-serif;\"><span style=\"color: #ff9900; text-decoration: underline;\">Технические характеристики:</span></span></h3>\r\n\r\n<div class=\"model-info-desc-box\">\r\n<div class=\"model-info-desc\">\r\n<p style=\"text-align: justify;\"><span style=\"font-size: 12pt;\">Сельскохозяйственный трактор общего назначения, полноприводный, шарнирно-сочлененная рама</span></p>\r\n</div>\r\n</div>\r\n\r\n<div class=\"model-info-desc-box\">\r\n<div class=\"model-info-parameter\" id=\"POWER\"><span style=\"font-size: 12pt; color: #0000ff;\">Мощность:</span></div>\r\n\r\n<div class=\"model-info-value\"><span style=\"font-size: 12pt;\">300&hellip;428 л.с., ТМЗ</span></div>\r\n\r\n<div class=\"model-info-parameter\" id=\"WEIGHT\"><span style=\"font-size: 12pt; color: #0000ff;\">Масса:</span></div>\r\n\r\n<div class=\"model-info-value\"><span style=\"font-size: 12pt;\">15 200&hellip;18 800 кг</span></div>\r\n\r\n<div class=\"model-info-parameter\" id=\"AGROHITCH\"><span style=\"font-size: 12pt; color: #0000ff;\">Сельхознавеска:</span></div>\r\n\r\n<div class=\"model-info-value\" style=\"text-align: justify;\"><span style=\"font-size: 12pt;\">грузоподъемность 9000 кг, тяговый брус в базовой комплектации</span></div>\r\n\r\n<div class=\"model-info-parameter\" id=\"TRANSMISSION\"><span style=\"font-size: 12pt; color: #0000ff;\">Трансмиссия:</span></div>\r\n\r\n<div class=\"model-info-value\" style=\"text-align: justify;\"><span style=\"font-size: 12pt;\">Автоматизированная коробка передач Т7 с системой управления КОМАНДПОСТ-4А</span></div>\r\n\r\n<div class=\"model-info-parameter\" id=\"CHASSIS\"><span style=\"font-size: 12pt; color: #0000ff;\">Подвеска:</span></div>\r\n\r\n<div class=\"model-info-value\" style=\"text-align: justify;\"><span style=\"font-size: 12pt;\">передний мост подрессоренный, задний жестко закреплён</span></div>\r\n</div>\r\n\r\n<p style=\"text-align: justify;\">&nbsp;Для получения более подробной информации перейдите по ссылке:&nbsp; <span style=\"color: #ff0000;\">&nbsp;<a href=\"https://kirovets-ptz.com/catalog/selskohozyajstvennye-traktory/kirovets-k7m/\" style=\"color: #ff0000;\">ХАРАКТЕРИСТИКИ</a></span></p>\r\n\r\n<hr />\r\n<p style=\"text-align: justify;\">В линейке К-7М с двигателями Weichai (комплектация ПРЕМИУМ ПОТОК) две модели сельскохозяйственных тракторов общего назначения мощностью от 430 и 460 л.с.</p>\r\n\r\n<p style=\"text-align: justify;\"><img alt=\"\" src=\"/media/uploads/2023/09/17/7_600.jpg\" style=\"width: 600px; height: 410px;\" /></p>", "categories_id": 24, "slug": "kirovec-k-7m"}}, {"model": "main.machine", "pk": 3, "fields": {"name": "КИРОВЕЦ К-5", "main_image": "machine/К-525_150.jpg", "preview_description": "<div class=\"model-info-desc-box\">\r\n<h3 class=\"model-info-desc\"><span style=\"text-decoration: underline;\"><span style=\"color: #ff9900; text-decoration: underline;\">Технические характеристики:</span></span></h3>\r\n\r\n<div class=\"model-info-desc\" style=\"text-align: justify;\"><span style=\"font-size: 12pt;\">Сельскохозяйственный трактор общего назначения, полноприводный, шарнирно-сочлененная рама</span></div>\r\n</div>\r\n\r\n<div class=\"model-info-desc-box\">\r\n<div class=\"model-info-parameter\" id=\"POWER\"><span style=\"font-size: 12pt; color: #0000ff;\">Мощность:</span></div>\r\n\r\n<div class=\"model-info-value\"><span style=\"font-size: 12pt;\">250 л.с., ЯМЗ-53645</span></div>\r\n\r\n<div class=\"model-info-parameter\" id=\"WEIGHT\"><span style=\"font-size: 12pt; color: #0000ff;\">Масса:</span></div>\r\n\r\n<div class=\"model-info-value\"><span style=\"font-size: 12pt;\">10 500&hellip;12 500 кг</span></div>\r\n\r\n<div class=\"model-info-parameter\" id=\"AGROHITCH\"><span style=\"font-size: 12pt; color: #0000ff;\">Сельхознавеска:</span></div>\r\n\r\n<div class=\"model-info-value\"><span style=\"font-size: 12pt;\">категория III, грузоподъемность 6500 кг</span></div>\r\n\r\n<div class=\"model-info-parameter\" id=\"TRANSMISSION\"><span style=\"font-size: 12pt; color: #0000ff;\">Трансмиссия:</span></div>\r\n\r\n<div class=\"model-info-value\" style=\"text-align: justify;\"><span style=\"font-size: 12pt;\">Автоматическая коробка передач Т5 с системой управления КОМАНДПОСТ-4А</span></div>\r\n\r\n<div class=\"model-info-parameter\" id=\"CHASSIS\"><span style=\"font-size: 12pt; color: #0000ff;\">Подвеска:</span></div>\r\n\r\n<div class=\"model-info-value\" style=\"text-align: justify;\"><span style=\"font-size: 12pt;\">передний мост подрессоренный, задний жестко закреплён</span></div>\r\n</div>", "description": "<p><img alt=\"\" src=\"/media/uploads/2023/09/17/525_150.jpg\" style=\"width: 150px; height: 148px;\" /></p>\r\n\r\n<h1 class=\"model-info-title\">КИРОВЕЦ К-5</h1>\r\n\r\n<div class=\"model-info-desc-box\">\r\n<h3 class=\"model-info-desc\"><span style=\"text-decoration: underline;\"><span style=\"color: #ff9900; text-decoration: underline;\">Технические характеристики:</span></span></h3>\r\n\r\n<div class=\"model-info-desc\" style=\"text-align: justify;\"><span style=\"font-size: 12pt;\">Сельскохозяйственный трактор общего назначения, полноприводный, шарнирно-сочлененная рама</span></div>\r\n</div>\r\n\r\n<div class=\"model-info-desc-box\">\r\n<div class=\"model-info-parameter\" id=\"POWER\"><span style=\"font-size: 12pt; color: #0000ff;\">Мощность:</span></div>\r\n\r\n<div class=\"model-info-value\"><span style=\"font-size: 12pt;\">250 л.с., ЯМЗ-53645</span></div>\r\n\r\n<div class=\"model-info-parameter\" id=\"WEIGHT\"><span style=\"font-size: 12pt; color: #0000ff;\">Масса:</span></div>\r\n\r\n<div class=\"model-info-value\"><span style=\"font-size: 12pt;\">10 500&hellip;12 500 кг</span></div>\r\n\r\n<div class=\"model-info-parameter\" id=\"AGROHITCH\"><span style=\"font-size: 12pt; color: #0000ff;\">Сельхознавеска:</span></div>\r\n\r\n<div class=\"model-info-value\"><span style=\"font-size: 12pt;\">категория III, грузоподъемность 6500 кг</span></div>\r\n\r\n<div class=\"model-info-parameter\" id=\"TRANSMISSION\"><span style=\"font-size: 12pt; color: #0000ff;\">Трансмиссия:</span></div>\r\n\r\n<div class=\"model-info-value\" style=\"text-align: justify;\"><span style=\"font-size: 12pt;\">Автоматическая коробка передач Т5 с системой управления КОМАНДПОСТ-4А</span></div>\r\n\r\n<div class=\"model-info-parameter\" id=\"CHASSIS\"><span style=\"font-size: 12pt; color: #0000ff;\">Подвеска:</span></div>\r\n\r\n<div class=\"model-info-value\" style=\"text-align: justify;\"><span style=\"font-size: 12pt;\">передний мост подрессоренный, задний жестко закреплён</span></div>\r\n</div>\r\n\r\n<p>&nbsp;</p>\r\n\r\n<p style=\"text-align: justify;\">Для получения более подробной информации перейдите по ссылке: <span style=\"color: #ff0000;\"><a href=\"https://kirovets-ptz.com/catalog/selskohozyajstvennye-traktory/kirovets-k5/\" style=\"color: #ff0000;\">ХАРАКТЕРИСТИКИ</a></span></p>\r\n\r\n<h3><span style=\"text-decoration: underline;\"><span style=\"color: #ff6600; text-decoration: underline;\">Описание:</span></span></h3>\r\n\r\n<p style=\"text-align: justify;\">КИРОВЕЦ К-525 &mdash; универсальный фермерский трактор наиболее эффективный для хозяйств с пашней от 500 га до 2000 га.</p>\r\n\r\n<p style=\"text-align: justify;\">К-525 впишется и в агротехнологии крупных землепользователей и агрохолдингов, прежде всего, для решения следующих задач:</p>\r\n\r\n<ul>\r\n\t<li style=\"text-align: justify;\">частых перегонов техники на удаленные поля по дорогам общего пользования,</li>\r\n\t<li style=\"text-align: justify;\">работы на мелкоконтурных полях.</li>\r\n</ul>\r\n\r\n<h3 class=\"like-h1\"><span style=\"text-decoration: underline;\"><span style=\"color: #ff6600; text-decoration: underline;\">ОСНОВНЫЕ ПАРАМЕТРЫ К-525:</span></span></h3>\r\n\r\n<div class=\"tab-description-text-block__text-wr\">\r\n<ul>\r\n\t<li style=\"text-align: justify;\">Эксплуатационная масса 10 500 кг. (без доп. балласта)</li>\r\n\t<li style=\"text-align: justify;\">Двигатель: дизельный, 250 л.с., 2100 об/мин, 1100 Н&bull;м</li>\r\n\t<li style=\"text-align: justify;\"><b>КПП Т5 с КОМАНДПОСТ: автоматическая производства ПТЗ, 16F-8R</b></li>\r\n\t<li style=\"text-align: justify;\"><b>Задний двухскоростной МОМ (опция)</b></li>\r\n\t<li style=\"text-align: justify;\">Ведущие мосты с блокировкой дифференциалов, передний мост подрессорен</li>\r\n\t<li style=\"text-align: justify;\">Шины: 23,1R26</li>\r\n</ul>\r\n\r\n<div class=\"tab-description-text-block__text-wr\" style=\"text-align: justify;\">&nbsp;</div>\r\n</div>\r\n\r\n<div class=\"tab-description-text-block__text-wr\">\r\n<ul>\r\n\t<li style=\"text-align: justify;\">Гидросистема рабочего оборудования с максимальной производительностью 180 л/мин. Расход через одну секцию гидрораспределителя до 95 л/мин, 4 свободных регулируемых гидролинии, свободный слив.</li>\r\n\t<li style=\"text-align: justify;\">Гидравлический распределитель с электроуправлением</li>\r\n\t<li style=\"text-align: justify;\">Заднее навесное устройство: категория III с силовым и позиционным регулированием EHR, грузоподъемностью 8100 кг.</li>\r\n\t<li style=\"text-align: justify;\">Мультилифт для агрегатирования с транспортными прицепами.</li>\r\n\t<li style=\"text-align: justify;\">Кабина КОМФОРТ ПЛЮС со встроенным защитным каркасом, цельнометаллическая, двухместная, герметичная, с отоплением, вентиляцией и кондиционером.</li>\r\n\t<li>\r\n\t<div style=\"text-align: justify;\">Система дистанционного контроля КИРОВЕЦ-АГРОМОНИТОР</div>\r\n\t</li>\r\n</ul>\r\n</div>", "categories_id": 24, "slug": "kirovec-k-5"}}, {"model": "main.machine", "pk": 4, "fields": {"name": "ВТГ-90", "main_image": "machine/1_600.jpg", "preview_description": "<p>-</p>", "description": "<p><img alt=\"\" src=\"/media/uploads/2023/09/17/1_600.jpg\" style=\"width: 600px; height: 370px;\" /></p>\r\n\r\n<p style=\"text-align: justify;\">Тракторы ВТГ-90А и ВТГ-90М (гусеничные) сельскохозяйственные, общего назначения, тягового&nbsp;класса 3 предназначены для&nbsp;выполнения основных сельскохозяйственных работ в агрегате с навесными, полунавесными и&nbsp;прицепными гидрофицированными и негидрофицированными машинами и орудиями на пахоте,&nbsp;предпосевной обработке почвы, посеве, для работы в орошаемом земледелии, на осушенных&nbsp;болотах, а также для выполнения дорожно-строительных, землеройных и мелиоративных работ, а&nbsp;также &ndash; работ коммунального назначения.</p>\r\n\r\n<p><a href=\"https://apkaba.ru/wp-content/uploads/2018/01/ТХ_600.jpg\"><img alt=\"ТХ_600\" class=\"aligncenter size-full wp-image-4595\" height=\"411\" src=\"https://apkaba.ru/wp-content/uploads/2018/01/ТХ_600.jpg\" width=\"600\" /></a></p>", "categories_id": 25, "slug": "vtg-90"}}, {"model": "main.post", "pk": 8, "fields": {"title": "СИПМА РУ. Фиксируем цены в рублях!", "content": "<p style=\"text-align: center;\"><img alt=\"\" src=\"/media/uploads/2023/09/17/sipma.jpg\" style=\"width: 600px; height: 770px;\" /></p>", "image": "news_image/SIPMA_акция.jpg", "created_at": "2023-09-17", "slug": "sipma-ru-fiksiruem-ceny-v-rublyah"}}, {"model": "main.post", "pk": 9, "fields": {"title": "День поля завода FeatAgro-2023", "content": "<p style=\"text-align: center;\"><img alt=\"\" src=\"/media/uploads/2023/09/17/1_650.jpg\" style=\"width: 650px; height: 487px;\" /></p>\r\n\r\n<p style=\"text-align: justify;\"><strong>9 августа 2023 г. завод FeatAgro (г. Барнаул) провел масштабное демонстрационно-выставочное мероприятие &mdash; &laquo;День поля&raquo;.</strong></p>\r\n\r\n<p style=\"text-align: justify;\">Орловская делегация приняла активное участие в мероприятии.</p>\r\n\r\n<p style=\"text-align: justify;\">В рамках &laquo;Дня поля&raquo; были <strong>представлены в работе</strong> уже зарекомендовавшие себя модели посевных комплексов и почвообрабатывающей техники под брендом FEATAGRO, а так же&nbsp;<strong>НОВИНКИ 2023</strong>.</p>\r\n\r\n<p style=\"text-align: center;\">&nbsp;</p>\r\n\r\n<p style=\"text-align: center;\"><img alt=\"\" src=\"/media/uploads/2023/09/17/3.jpg\" style=\"width: 650px; height: 487px;\" /><img alt=\"\" src=\"/media/uploads/2023/09/17/4.jpg\" style=\"width: 650px; height: 487px;\" /><img alt=\"\" src=\"/media/uploads/2023/09/17/5.jpg\" style=\"width: 650px; height: 487px;\" /><img alt=\"\" src=\"/media/uploads/2023/09/17/6.jpg\" style=\"width: 650px; height: 487px;\" /><img alt=\"\" src=\"/media/uploads/2023/09/17/7.jpg\" style=\"width: 650px; height: 487px;\" /><img alt=\"\" src=\"/media/uploads/2023/09/17/8.jpg\" style=\"width: 650px; height: 487px;\" /></p>\r\n\r\n<p style=\"text-align: center;\">&nbsp;</p>", "image": "news_image/1_650.jpg", "created_at": "2023-09-17", "slug": "den-polya-zavoda-featagro-2023"}}, {"model": "main.post", "pk": 10, "fields": {"title": "Плуги чизельные «Svarog» ПЧ-4,5", "content": "<p style=\"text-align: center;\"><img alt=\"\" src=\"/media/uploads/2023/09/17/600_1.jpg\" style=\"width: 599px; height: 447px;\" /><img alt=\"\" src=\"/media/uploads/2023/09/17/600_2-e1690962846405.jpg\" style=\"width: 591px; height: 286px;\" /></p>", "image": "news_image/Плуги-чизельные-АКЦИЯ_600_1.jpg", "created_at": "2023-09-17", "slug": "plugi-chizelnye-svarog-pch-45"}}, {"model": "main.post", "pk": 11, "fields": {"title": "«ТРАКТОР ДЛЯ СВОИХ» акция от АО «Росагролизинг»", "content": "<p style=\"text-align: center;\"><img alt=\"\" src=\"/media/uploads/2023/09/17/owvgsz.jpg\" style=\"width: 286px; height: 287px;\" /></p>\r\n\r\n<p style=\"text-align: center;\">&nbsp;</p>\r\n\r\n<p style=\"text-align: center;\"><img alt=\"\" src=\"/media/uploads/2023/09/17/650.jpg\" style=\"width: 650px; height: 914px;\" /></p>\r\n\r\n<p style=\"text-align: center;\">&nbsp;</p>", "image": "news_image/ПТЗ_эмблема.jpg", "created_at": "2023-09-17", "slug": "traktor-dlya-svoih-akciya-ot-ao-rosagrolizing"}}, {"model": "main.post", "pk": 12, "fields": {"title": "«Аграрная неделя Орловской области – 2023»", "content": "<p style=\"text-align: center;\"><img alt=\"\" src=\"/media/uploads/2023/09/17/1-1024x768.jpg\" style=\"width: 1024px; height: 768px;\" /></p>\r\n\r\n<p style=\"text-align: justify;\">Главным событием традиционного аграрного праздника стал &laquo;День русского поля&raquo;,&nbsp; который проходил&nbsp; <strong>1 июля &nbsp;в поселке Стрелецкий Орловского муниципального округа&nbsp;</strong>на площадке Федерального научного центра зернобобовых и крупяных культур.</p>\r\n\r\n<p style=\"text-align: justify;\"><strong>Свои экспозиции представили</strong><strong>&nbsp;</strong><strong>более 100 поставщиков сельскохозяйственной техники,&nbsp;</strong>минеральных удобрений, средств защиты растений, научных и финансовых организаций.</p>\r\n\r\n<p style=\"text-align: justify;\">ООО &laquo;Аграрная Промышленная Компания &laquo;АГРО БИЗНЕС АЛЬЯНС&raquo; представила на данной выставке широкую линейку техники от ведущих Российских и Зарубежных производителей.</p>\r\n\r\n<p style=\"text-align: justify;\">Не обошлось и без новинок:</p>\r\n\r\n<p style=\"text-align: justify;\">Трактора &laquo;Кировец&raquo; серии К-7 и К-5, с Российским гидравлическим автопилотом Cognitive Pilot;</p>\r\n\r\n<p style=\"text-align: justify;\">Тракторы WEIHE c двигателями Weichai, известными своей надежностью;</p>\r\n\r\n<p style=\"text-align: justify;\">Турецкий Кормораздатчик-смеситель кормов Celikel Charger;</p>\r\n\r\n<p style=\"text-align: justify;\">Чешский оборотный плуг Sukov ArcoAgro180 2in1, особенностью которого является возможность перенастройки для работы &laquo;по полю&raquo; и &laquo;в борозде&raquo;;</p>\r\n\r\n<p style=\"text-align: justify;\">Турецкая сеялка Cansa C-90-8GF, конструктивно исполненная как аналог Gaspardo;</p>\r\n\r\n<p style=\"text-align: justify;\">Комбинированный посевной комплекс с предварительной подготовкой почвы FEATAGRO серии D-9900</p>", "image": "news_image/1-1024x768.jpg", "created_at": "2023-09-17", "slug": "agrarnaya-nedelya-orlovskoj-oblasti-2023"}}, {"model": "main.ourpartners", "pk": 14, "fields": {"name": "1", "image": "partner_logos/_Б-e1430205156385.png", "href": "1"}}, {"model": "main.ourpartners", "pk": 15, "fields": {"name": "2", "image": "partner_logos/Агротех-Союз_200.jpg", "href": "2"}}, {"model": "main.ourpartners", "pk": 16, "fields": {"name": "3", "image": "partner_logos/Алмаз_200.jpg", "href": "3"}}, {"model": "main.ourpartners", "pk": 17, "fields": {"name": "4", "image": "partner_logos/ДИАС.jpg", "href": "4"}}, {"model": "main.ourpartners", "pk": 18, "fields": {"name": "5", "image": "partner_logos/лейбл_200.jpg", "href": "5"}}, {"model": "main.ourpartners", "pk": 19, "fields": {"name": "6", "image": "partner_logos/Лого_FEAT-AGRO_200.jpg", "href": "6"}}, {"model": "main.ourpartners", "pk": 20, "fields": {"name": "7", "image": "partner_logos/Лого_FEAT-AGRO_200_Z1yH6lb.jpg", "href": "7"}}, {"model": "main.ourpartners", "pk": 21, "fields": {"name": "8", "image": "partner_logos/Лого_РОСТЛАЙН_200.jpg", "href": "8"}}, {"model": "main.ourpartners", "pk": 22, "fields": {"name": "9", "image": "partner_logos/Лого-БДМ_новый.jpg", "href": "9"}}, {"model": "main.ourpartners", "pk": 23, "fields": {"name": "11", "image": "partner_logos/НИТИ-Снегирева_200.jpg", "href": "11"}}, {"model": "main.ourpartners", "pk": 24, "fields": {"name": "22", "image": "partner_logos/ПромАгро_400.jpg", "href": "22"}}, {"model": "main.ourpartners", "pk": 25, "fields": {"name": "33", "image": "partner_logos/ПТЗ_200.jpg", "href": "33"}}]