[{"model": "main.albom", "pk": 9, "fields": {"name": "День поля в Калуге", "date": "2023-09-18", "picture": "albom/7.jpg", "description": "День поля в Калуге", "slug": "den-polya-v-kaluge", "picture_url": null}}, {"model": "main.albom", "pk": 10, "fields": {"name": "День поля в Шатилово", "date": "2023-09-18", "picture": "albom/АПК-АБА_14.jpg", "description": "День поля в Шатилово", "slug": "den-polya-v-shatilovo", "picture_url": null}}, {"model": "main.albom", "pk": 11, "fields": {"name": "С представителями предприятий", "date": "2023-09-18", "picture": "albom/АПК-АБА_11.jpg", "description": "С представителями предприятий", "slug": "s-predstavitelyami-predpriyatij", "picture_url": null}}, {"model": "main.albom", "pk": 12, "fields": {"name": "На выставке «Импортозамещение»", "date": "2023-09-18", "picture": "albom/11.jpg", "description": "На выставке «Импортозамещение»", "slug": "na-vystavke-importozameshenie", "picture_url": null}}, {"model": "main.albom", "pk": 13, "fields": {"name": "Сервисная служба компании", "date": "2023-09-18", "picture": "albom/6.jpg", "description": "Сервисная служба компании", "slug": "servisnaya-sluzhba-kompanii", "picture_url": null}}, {"model": "main.albom", "pk": 14, "fields": {"name": "Инженерный состав и техника сервисной службы", "date": "2023-09-18", "picture": "albom/4.jpg", "description": "Инженерный состав и техника сервисной службы", "slug": "inzhenernyj-sostav-i-tehnika-servisnoj-sluzhby", "picture_url": null}}, {"model": "main.albom", "pk": 15, "fields": {"name": "Руководящий и инженерный состав компании", "date": "2023-09-18", "picture": "albom/АПК-АБА_600.jpg", "description": "Руководящий и инженерный состав компании", "slug": "rukovodyashij-i-inzhenernyj-sostav-kompanii", "picture_url": null}}, {"model": "main.photo", "pk": 7, "fields": {"picture": "galery/АПК-АБА_600.jpg", "describe": "Руководящий и инженерный состав компании", "albom_id": 15, "picture_url": null}}, {"model": "main.photo", "pk": 8, "fields": {"picture": "galery/4.jpg", "describe": "Инженерный состав и техника сервисной службы", "albom_id": 14, "picture_url": null}}, {"model": "main.photo", "pk": 9, "fields": {"picture": "galery/6.jpg", "describe": "Сервисная служба компании", "albom_id": 13, "picture_url": null}}, {"model": "main.photo", "pk": 10, "fields": {"picture": "galery/11.jpg", "describe": "На выставке «Импортозамещение»", "albom_id": 12, "picture_url": null}}, {"model": "main.photo", "pk": 11, "fields": {"picture": "galery/АПК-АБА_11.jpg", "describe": "С представителями предприятий", "albom_id": 11, "picture_url": null}}, {"model": "main.photo", "pk": 12, "fields": {"picture": "galery/АПК-АБА_14.jpg", "describe": "День поля в Шатилово", "albom_id": 10, "picture_url": null}}, {"model": "main.photo", "pk": 13, "fields": {"picture": "galery/5.jpg", "describe": "День поля в Калуге", "albom_id": 9, "picture_url": null}}, {"model": "main.photo", "pk": 14, "fields": {"picture": "galery/13.jpg", "describe": "День поля в Калуге", "albom_id": 9, "picture_url": null}}, {"model": "main.photo", "pk": 15, "fields": {"picture": "galery/7.jpg", "describe": "День поля в Калуге", "albom_id": 9, "picture_url": null}}, {"model": "main.banner_akcii", "pk": 6, "fields": {"title": "Успейте купить трактор \"КИРОВЕЦ\" с максимальной скидкой", "image": "banner/1_W2C3MDy.jpg", "short_description": "Подробная информация в разделе \"АКЦИИ\"", "content": "Подробная информация в разделе \"АКЦИИ\"", "href": "Успейте купить трактор \"КИРОВЕЦ\" с максимальной скидкой", "picture_url": null}}, {"model": "main.banner_akcii", "pk": 7, "fields": {"title": "Полуприцепы тракторные АО ПК \"ЯРОСЛАВИЧ\" от 12 до 30 тонн в наличии на заводе", "image": "banner/2.jpg", "short_description": "Полуприцепы тракторные АО ПК \"ЯРОСЛАВИЧ\" от 12 до 30 тонн в наличии на заводе", "content": "Полуприцепы тракторные АО ПК \"ЯРОСЛАВИЧ\" от 12 до 30 тонн в наличии на заводе", "href": "", "picture_url": null}}, {"model": "main.banner_akcii", "pk": 8, "fields": {"title": "Посевной комплекс D-9900 FEAT AGRO в наличии на складе в Орле", "image": "banner/3.jpg", "short_description": "Посевной комплекс D-9900 FEAT AGRO в наличии на складе в Орле", "content": "Посевной комплекс D-9900 FEAT AGRO в наличии на складе в Орле", "href": "Посевной комплекс D-9900 FEAT AGRO в наличии на складе в Орле", "picture_url": null}}, {"model": "main.categories", "pk": 7, "fields": {"name": "Тракторы", "icon": "categoties_icons/1.png", "parent": null, "describe": null, "slug": "traktory", "picture_url": null}}, {"model": "main.categories", "pk": 8, "fields": {"name": "Машины для уборки зерновых и зернобобовых культур", "icon": "categoties_icons/2.png", "parent": null, "describe": null, "slug": "mashiny-dlya-uborki-zernovyh-i-zernobobovyh-kultur", "picture_url": null}}, {"model": "main.categories", "pk": 9, "fields": {"name": "Прицепы", "icon": "categoties_icons/3.png", "parent": null, "describe": null, "slug": "pricepy", "picture_url": null}}, {"model": "main.categories", "pk": 10, "fields": {"name": "Машины для внесения удобрений", "icon": "categoties_icons/4.png", "parent": null, "describe": null, "slug": "mashiny-dlya-vneseniya-udobrenij", "picture_url": null}}, {"model": "main.categories", "pk": 11, "fields": {"name": "Почвообрабатывающие машины", "icon": "categoties_icons/5.png", "parent": null, "describe": null, "slug": "pochvoobrabatyvayushie-mashiny", "picture_url": null}}, {"model": "main.categories", "pk": 12, "fields": {"name": "Посевные машины", "icon": "categoties_icons/6.png", "parent": null, "describe": null, "slug": "posevnye-mashiny", "picture_url": null}}, {"model": "main.categories", "pk": 13, "fields": {"name": "Техника для средств защиты растений", "icon": "categoties_icons/7.png", "parent": null, "describe": null, "slug": "tehnika-dlya-sredstv-zashity-rastenij", "picture_url": null}}, {"model": "main.categories", "pk": 14, "fields": {"name": "Техника для картофеля", "icon": "categoties_icons/8.png", "parent": null, "describe": null, "slug": "tehnika-dlya-kartofelya", "picture_url": null}}, {"model": "main.categories", "pk": 15, "fields": {"name": "Машины для уборки кормовых культур", "icon": "categoties_icons/9.png", "parent": null, "describe": null, "slug": "mashiny-dlya-uborki-kormovyh-kultur", "picture_url": null}}, {"model": "main.categories", "pk": 16, "fields": {"name": "Техника по доработке, сушке и хранению зерна", "icon": "categoties_icons/10.png", "parent": null, "describe": null, "slug": "tehnika-po-dorabotke-sushke-i-hraneniyu-zerna", "picture_url": null}}, {"model": "main.categories", "pk": 17, "fields": {"name": "Техника для животноводства", "icon": "categoties_icons/11.png", "parent": null, "describe": null, "slug": "tehnika-dlya-zhivotnovodstva", "picture_url": null}}, {"model": "main.categories", "pk": 18, "fields": {"name": "Погрузчики с/х назначения", "icon": "categoties_icons/12.png", "parent": null, "describe": null, "slug": "pogruzchiki-sh-naznacheniya", "picture_url": null}}, {"model": "main.categories", "pk": 19, "fields": {"name": "Камнеуборочные машины", "icon": "categoties_icons/13.png", "parent": null, "describe": null, "slug": "kamneuborochnye-mashiny", "picture_url": null}}, {"model": "main.categories", "pk": 20, "fields": {"name": "Коммунальная техника", "icon": "categoties_icons/14.png", "parent": null, "describe": null, "slug": "kommunalnaya-tehnika", "picture_url": null}}, {"model": "main.categories", "pk": 21, "fields": {"name": "Строительная техника", "icon": "categoties_icons/15.png", "parent": null, "describe": null, "slug": "stroitelnaya-tehnika", "picture_url": null}}, {"model": "main.categories", "pk": 22, "fields": {"name": "Жатки", "icon": "categoties_icons/16.png", "parent": null, "describe": null, "slug": "zhatki", "picture_url": null}}, {"model": "main.categories", "pk": 23, "fields": {"name": "Автомобили", "icon": "categoties_icons/17.png", "parent": null, "describe": null, "slug": "avtomobili", "picture_url": null}}, {"model": "main.categories", "pk": 24, "fields": {"name": "Колесные", "icon": "categoties_icons/1_CnMBwWh.png", "parent": 7, "describe": null, "slug": "kolesnye", "picture_url": null}}, {"model": "main.categories", "pk": 25, "fields": {"name": "Гусеничные", "icon": "categoties_icons/1_VgILi2E.png", "parent": 7, "describe": null, "slug": "gusenichnye", "picture_url": null}}, {"model": "main.categories", "pk": 26, "fields": {"name": "Минский тракторный завод", "icon": "categoties_icons/logo_nov3.png", "parent": 24, "describe": "Открытое акционерное общество «Минский тракторный завод» (ОАО «МТЗ») (белор. ААТ «Мінскі трактарны завод») — завод в Белоруссии, производитель сельскохозяйственной техники. ОАО «Минский тракторный завод» входит в состав холдинга «МТЗ-ХОЛДИНГ» и является его управляющей компанией. В 2017 году завод произвёл 87 % колёсных тракторов в СНГ[5].\r\n\r\n«Минский тракторный завод» был основан 29 мая 1946 года. По состоянию на 2020 год на предприятии работало более 15 тыс. человек. Мощности завода рассчитаны на производство 71 тысячи тракторов различных серий[5].\r\n\r\nОАО «Минский тракторный завод» разрабатывает и изготавливает колёсные и гусеничные тракторы, мотоблоки, прицепные и навесные орудия для сельскохозяйственных, строительных, лесных и коммунальных работ, запасные части, товары народного потребления, организует на лицензионной основе их производство, оказывает услуги по налаживанию и проведению сервиса. На 2019 год выпущено более 3,86 миллионов тракторов[6], из них свыше 2,6 миллионов поставлено более чем в 100 стран мира. Предприятие выпускает около 100 моделей разных видов машин с более чем 200 вариантами сборки для различных эксплуатационных условий мощностью от 9 до 455 л. с.[5]\r\n\r\nБольшинство моделей тракторов оснащаются дизельными двигателями производства Минского моторного завода.", "slug": "minskij-traktornyj-zavod", "picture_url": null}}, {"model": "main.categories", "pk": 27, "fields": {"name": "Петербуржский тракторный завод", "icon": "categoties_icons/peter.png", "parent": 24, "describe": "АО «Петербургский тракторный завод» выпускает энергонасыщенные тракторы «Кировец» общего назначения, предназначенные для выполнения основной и предпосевной обработки почвы, эффективной работы с широкозахватными посевными комплексами и другими современными агрегатами.\r\n\r\nОсновные типы сельскохозяйственных машин и орудий для агрегатирования:\r\n\r\n— все виды дисковых орудий (бороны дисковые, дискаторы, фрезы)\r\n\r\n— плуги,\r\n\r\n— глубокорыхлители,\r\n\r\n— культиваторы,\r\n\r\n— пневматические и механические посевные комплексы, сеялки,\r\n\r\n— транспортные работы.", "slug": "peterburzhskij-traktornyj-zavod", "picture_url": null}}, {"model": "main.machine", "pk": 2, "fields": {"name": "КИРОВЕЦ К-7М", "main_image": "machine/К-7М_600.jpg", "preview_description": "", "description": "<h1 class=\"model-info-title\"><span style=\"font-family: arial, helvetica, sans-serif;\">КИРОВЕЦ К-7М</span></h1>\r\n\r\n<h3><span style=\"text-decoration: underline; font-family: arial, helvetica, sans-serif;\"><span style=\"color: #ff9900; text-decoration: underline;\">Технические характеристики:</span></span></h3>\r\n\r\n<div class=\"model-info-desc-box\">\r\n<div class=\"model-info-desc\">\r\n<p style=\"text-align: justify;\"><span style=\"font-size: 12pt;\">Сельскохозяйственный трактор общего назначения, полноприводный, шарнирно-сочлененная рама</span></p>\r\n</div>\r\n</div>\r\n\r\n<div class=\"model-info-desc-box\">\r\n<div class=\"model-info-parameter\" id=\"POWER\"><span style=\"font-size: 12pt; color: #0000ff;\">Мощность:</span></div>\r\n\r\n<div class=\"model-info-value\"><span style=\"font-size: 12pt;\">300&hellip;428 л.с., ТМЗ</span></div>\r\n\r\n<div class=\"model-info-parameter\" id=\"WEIGHT\"><span style=\"font-size: 12pt; color: #0000ff;\">Масса:</span></div>\r\n\r\n<div class=\"model-info-value\"><span style=\"font-size: 12pt;\">15 200&hellip;18 800 кг</span></div>\r\n\r\n<div class=\"model-info-parameter\" id=\"AGROHITCH\"><span style=\"font-size: 12pt; color: #0000ff;\">Сельхознавеска:</span></div>\r\n\r\n<div class=\"model-info-value\" style=\"text-align: justify;\"><span style=\"font-size: 12pt;\">грузоподъемность 9000 кг, тяговый брус в базовой комплектации</span></div>\r\n\r\n<div class=\"model-info-parameter\" id=\"TRANSMISSION\"><span style=\"font-size: 12pt; color: #0000ff;\">Трансмиссия:</span></div>\r\n\r\n<div class=\"model-info-value\" style=\"text-align: justify;\"><span style=\"font-size: 12pt;\">Автоматизированная коробка передач Т7 с системой управления КОМАНДПОСТ-4А</span></div>\r\n\r\n<div class=\"model-info-parameter\" id=\"CHASSIS\"><span style=\"font-size: 12pt; color: #0000ff;\">Подвеска:</span></div>\r\n\r\n<div class=\"model-info-value\" style=\"text-align: justify;\"><span style=\"font-size: 12pt;\">передний мост подрессоренный, задний жестко закреплён</span></div>\r\n</div>\r\n\r\n<p style=\"text-align: justify;\">&nbsp;Для получения более подробной информации перейдите по ссылке:&nbsp; <span style=\"color: #ff0000;\">&nbsp;<a href=\"https://kirovets-ptz.com/catalog/selskohozyajstvennye-traktory/kirovets-k7m/\" style=\"color: #ff0000;\">ХАРАКТЕРИСТИКИ</a></span></p>\r\n\r\n<hr />\r\n<p style=\"text-align: justify;\">В линейке К-7М с двигателями Weichai (комплектация ПРЕМИУМ ПОТОК) две модели сельскохозяйственных тракторов общего назначения мощностью от 430 и 460 л.с.</p>\r\n\r\n<p style=\"text-align: justify;\"><img alt=\"\" src=\"/media/uploads/2023/09/17/7_600.jpg\" /></p>", "categories_id": 27, "slug": "kirovec-k-7m", "picture_url": null}}, {"model": "main.machine", "pk": 3, "fields": {"name": "КИРОВЕЦ К-5", "main_image": "machine/К-5_600_1_XDRLaJv.jpg", "preview_description": "<div class=\"model-info-desc-box\">\r\n<h3 class=\"model-info-desc\">&nbsp;</h3>\r\n</div>", "description": "<p><img alt=\"\" src=\"/media/uploads/2023/09/17/525_150.jpg\" /></p>\r\n\r\n<h1 class=\"model-info-title\">КИРОВЕЦ К-5</h1>\r\n\r\n<div class=\"model-info-desc-box\">\r\n<h3 class=\"model-info-desc\"><span style=\"text-decoration: underline;\"><span style=\"color: #ff9900; text-decoration: underline;\">Технические характеристики:</span></span></h3>\r\n\r\n<div class=\"model-info-desc\" style=\"text-align: justify;\"><span style=\"font-size: 12pt;\">Сельскохозяйственный трактор общего назначения, полноприводный, шарнирно-сочлененная рама</span></div>\r\n</div>\r\n\r\n<div class=\"model-info-desc-box\">\r\n<div class=\"model-info-parameter\" id=\"POWER\"><span style=\"font-size: 12pt; color: #0000ff;\">Мощность:</span></div>\r\n\r\n<div class=\"model-info-value\"><span style=\"font-size: 12pt;\">250 л.с., ЯМЗ-53645</span></div>\r\n\r\n<div class=\"model-info-parameter\" id=\"WEIGHT\"><span style=\"font-size: 12pt; color: #0000ff;\">Масса:</span></div>\r\n\r\n<div class=\"model-info-value\"><span style=\"font-size: 12pt;\">10 500&hellip;12 500 кг</span></div>\r\n\r\n<div class=\"model-info-parameter\" id=\"AGROHITCH\"><span style=\"font-size: 12pt; color: #0000ff;\">Сельхознавеска:</span></div>\r\n\r\n<div class=\"model-info-value\"><span style=\"font-size: 12pt;\">категория III, грузоподъемность 6500 кг</span></div>\r\n\r\n<div class=\"model-info-parameter\" id=\"TRANSMISSION\"><span style=\"font-size: 12pt; color: #0000ff;\">Трансмиссия:</span></div>\r\n\r\n<div class=\"model-info-value\" style=\"text-align: justify;\"><span style=\"font-size: 12pt;\">Автоматическая коробка передач Т5 с системой управления КОМАНДПОСТ-4А</span></div>\r\n\r\n<div class=\"model-info-parameter\" id=\"CHASSIS\"><span style=\"font-size: 12pt; color: #0000ff;\">Подвеска:</span></div>\r\n\r\n<div class=\"model-info-value\" style=\"text-align: justify;\"><span style=\"font-size: 12pt;\">передний мост подрессоренный, задний жестко закреплён</span></div>\r\n</div>\r\n\r\n<p>&nbsp;</p>\r\n\r\n<p style=\"text-align: justify;\">Для получения более подробной информации перейдите по ссылке: <span style=\"color: #ff0000;\"><a href=\"https://kirovets-ptz.com/catalog/selskohozyajstvennye-traktory/kirovets-k5/\" style=\"color: #ff0000;\">ХАРАКТЕРИСТИКИ</a></span></p>\r\n\r\n<h3><span style=\"text-decoration: underline;\"><span style=\"color: #ff6600; text-decoration: underline;\">Описание:</span></span></h3>\r\n\r\n<p style=\"text-align: justify;\">КИРОВЕЦ К-525 &mdash; универсальный фермерский трактор наиболее эффективный для хозяйств с пашней от 500 га до 2000 га.</p>\r\n\r\n<p style=\"text-align: justify;\">К-525 впишется и в агротехнологии крупных землепользователей и агрохолдингов, прежде всего, для решения следующих задач:</p>\r\n\r\n<ul>\r\n\t<li style=\"text-align: justify;\">частых перегонов техники на удаленные поля по дорогам общего пользования,</li>\r\n\t<li style=\"text-align: justify;\">работы на мелкоконтурных полях.</li>\r\n</ul>\r\n\r\n<h3 class=\"like-h1\"><span style=\"text-decoration: underline;\"><span style=\"color: #ff6600; text-decoration: underline;\">ОСНОВНЫЕ ПАРАМЕТРЫ К-525:</span></span></h3>\r\n\r\n<div class=\"tab-description-text-block__text-wr\">\r\n<ul>\r\n\t<li style=\"text-align: justify;\">Эксплуатационная масса 10 500 кг. (без доп. балласта)</li>\r\n\t<li style=\"text-align: justify;\">Двигатель: дизельный, 250 л.с., 2100 об/мин, 1100 Н&bull;м</li>\r\n\t<li style=\"text-align: justify;\"><b>КПП Т5 с КОМАНДПОСТ: автоматическая производства ПТЗ, 16F-8R</b></li>\r\n\t<li style=\"text-align: justify;\"><b>Задний двухскоростной МОМ (опция)</b></li>\r\n\t<li style=\"text-align: justify;\">Ведущие мосты с блокировкой дифференциалов, передний мост подрессорен</li>\r\n\t<li style=\"text-align: justify;\">Шины: 23,1R26</li>\r\n</ul>\r\n\r\n<div class=\"tab-description-text-block__text-wr\" style=\"text-align: justify;\">&nbsp;</div>\r\n</div>\r\n\r\n<div class=\"tab-description-text-block__text-wr\">\r\n<ul>\r\n\t<li style=\"text-align: justify;\">Гидросистема рабочего оборудования с максимальной производительностью 180 л/мин. Расход через одну секцию гидрораспределителя до 95 л/мин, 4 свободных регулируемых гидролинии, свободный слив.</li>\r\n\t<li style=\"text-align: justify;\">Гидравлический распределитель с электроуправлением</li>\r\n\t<li style=\"text-align: justify;\">Заднее навесное устройство: категория III с силовым и позиционным регулированием EHR, грузоподъемностью 8100 кг.</li>\r\n\t<li style=\"text-align: justify;\">Мультилифт для агрегатирования с транспортными прицепами.</li>\r\n\t<li style=\"text-align: justify;\">Кабина КОМФОРТ ПЛЮС со встроенным защитным каркасом, цельнометаллическая, двухместная, герметичная, с отоплением, вентиляцией и кондиционером.</li>\r\n\t<li>\r\n\t<div style=\"text-align: justify;\">Система дистанционного контроля КИРОВЕЦ-АГРОМОНИТОР</div>\r\n\t</li>\r\n</ul>\r\n</div>", "categories_id": 27, "slug": "kirovec-k-5", "picture_url": null}}, {"model": "main.machine", "pk": 4, "fields": {"name": "ВТГ-90", "main_image": "machine/1_600.jpg", "preview_description": "<p>-</p>", "description": "<p><img alt=\"\" src=\"/media/uploads/2023/09/17/1_600.jpg\" /></p>\r\n\r\n<p style=\"text-align: justify;\">Тракторы ВТГ-90А и ВТГ-90М (гусеничные) сельскохозяйственные, общего назначения, тягового&nbsp;класса 3 предназначены для&nbsp;выполнения основных сельскохозяйственных работ в агрегате с навесными, полунавесными и&nbsp;прицепными гидрофицированными и негидрофицированными машинами и орудиями на пахоте,&nbsp;предпосевной обработке почвы, посеве, для работы в орошаемом земледелии, на осушенных&nbsp;болотах, а также для выполнения дорожно-строительных, землеройных и мелиоративных работ, а&nbsp;также &ndash; работ коммунального назначения.</p>\r\n\r\n<p><a href=\"https://apkaba.ru/wp-content/uploads/2018/01/ТХ_600.jpg\"><img alt=\"ТХ_600\" class=\"aligncenter size-full wp-image-4595\" height=\"411\" src=\"https://apkaba.ru/wp-content/uploads/2018/01/ТХ_600.jpg\" width=\"600\" /></a></p>", "categories_id": 25, "slug": "vtg-90", "picture_url": null}}, {"model": "main.machine", "pk": 5, "fields": {"name": "МТЗ-2022", "main_image": "machine/МТЗ-20221.jpg", "preview_description": "<h1>&nbsp;</h1>\r\n<!-- .entry-content -->", "description": "<h1>МТЗ-2022</h1>\r\n\r\n<div id=\"a4\">\r\n<p><img alt=\"МТЗ 2022\" class=\"aligncenter wp-image-641 size-full\" src=\"https://apkaba.ru/wp-content/uploads/2015/05/МТЗ-20221.jpg\" /></p>\r\n\r\n<p>Трактор предназначен для выполнения различных сельскохозяйственных работ общего назначения, основной и предпосевной обработки почвы, посева в составе широкозахватных и комбинированных агрегатов, уборочных работ в составе высокопроизводительных уборочных комплексов,транспортных работ.</p>\r\n\r\n<p><strong>Особенности модели:&nbsp;</strong>дизель по выбросам вредных веществ соответствует ступени Stage II, кондиционер, комплект для сдваивания задних колес.</p>\r\n\r\n<h3 class=\"sub-title\"><strong>Возможности дополнительной комплектации:</strong></h3>\r\n\r\n<ul>\r\n\t<li>Передний ВОМ;</li>\r\n\t<li>Переднее навесное устройство;</li>\r\n\t<li>Дополнительное сиденье;</li>\r\n\t<li>Балласт передний общей массой до 1010 кг.</li>\r\n</ul>\r\n\r\n<p><strong>Технические характеристики:</strong></p>\r\n\r\n<table class=\"tablepress tablepress-id-24\" id=\"tablepress-24\">\r\n\t<thead>\r\n\t\t<tr class=\"row-1 odd\">\r\n\t\t\t<th class=\"column-1\" colspan=\"2\"><strong>Двигатель</strong></th>\r\n\t\t</tr>\r\n\t</thead>\r\n\t<tbody class=\"row-hover\">\r\n\t\t<tr class=\"row-2 even\">\r\n\t\t\t<td class=\"column-1\">Тип</td>\r\n\t\t\t<td class=\"column-2\">6-ти цилиндровый, с турбонаддувом и промежуточным охлаждением наддувочного воздуха</td>\r\n\t\t</tr>\r\n\t\t<tr class=\"row-3 odd\">\r\n\t\t\t<td class=\"column-1\">Мощность, л.с./кВт</td>\r\n\t\t\t<td class=\"column-2\">212/156,0</td>\r\n\t\t</tr>\r\n\t\t<tr class=\"row-4 even\">\r\n\t\t\t<td class=\"column-1\">Марка</td>\r\n\t\t\t<td class=\"column-2\">Д-260.4S2</td>\r\n\t\t</tr>\r\n\t\t<tr class=\"row-5 odd\">\r\n\t\t\t<td class=\"column-1\">Экологический стандарт</td>\r\n\t\t\t<td class=\"column-2\">Stage II</td>\r\n\t\t</tr>\r\n\t\t<tr class=\"row-6 even\">\r\n\t\t\t<td class=\"column-1\">Удельный расход топлива, г/(кВт&middot;ч)</td>\r\n\t\t\t<td class=\"column-2\">250,0 &plusmn; 7,0</td>\r\n\t\t</tr>\r\n\t\t<tr class=\"row-7 odd\">\r\n\t\t\t<td class=\"column-1\">Максимальный крутящий момент, Н&middot;м 2</td>\r\n\t\t\t<td class=\"column-2\">900</td>\r\n\t\t</tr>\r\n\t\t<tr class=\"row-8 even\">\r\n\t\t\t<td class=\"column-1\" colspan=\"2\"><strong>Трансмиссия</strong></td>\r\n\t\t</tr>\r\n\t\t<tr class=\"row-9 odd\">\r\n\t\t\t<td class=\"column-1\">Коробка передач</td>\r\n\t\t\t<td class=\"column-2\">механическая, ступенчатая с шестернями постоянного зацепления, переключение передач внутри каждого диапазона синхронизаторами, переключение диапазонов зубчатыми муфтами и синхронизаторами</td>\r\n\t\t</tr>\r\n\t\t<tr class=\"row-10 even\">\r\n\t\t\t<td class=\"column-1\">Муфта сцепления</td>\r\n\t\t\t<td class=\"column-2\">фрикционная двухдисковая постоянно-замкнутого типа</td>\r\n\t\t</tr>\r\n\t\t<tr class=\"row-11 odd\">\r\n\t\t\t<td class=\"column-1\">Число передач вперед/назад</td>\r\n\t\t\t<td class=\"column-2\">24/12</td>\r\n\t\t</tr>\r\n\t\t<tr class=\"row-12 even\">\r\n\t\t\t<td class=\"column-1\">Задний ВОМ, мин -1</td>\r\n\t\t\t<td class=\"column-2\">540/1000</td>\r\n\t\t</tr>\r\n\t\t<tr class=\"row-13 odd\">\r\n\t\t\t<td class=\"column-1\" colspan=\"2\"><strong>Гидросистема</strong></td>\r\n\t\t</tr>\r\n\t\t<tr class=\"row-14 even\">\r\n\t\t\t<td class=\"column-1\">Грузоподъемность заднего навесного устройства на оси подвеса, кг, не менее</td>\r\n\t\t\t<td class=\"column-2\">6500</td>\r\n\t\t</tr>\r\n\t\t<tr class=\"row-15 odd\">\r\n\t\t\t<td class=\"column-1\">Максимальное давление, кгс/см</td>\r\n\t\t\t<td class=\"column-2\">200</td>\r\n\t\t</tr>\r\n\t\t<tr class=\"row-16 even\">\r\n\t\t\t<td class=\"column-1\">Объемная подача насоса при номинальной частоте вращения коленчатого вала дизеля, л/мин, не менее</td>\r\n\t\t\t<td class=\"column-2\">55</td>\r\n\t\t</tr>\r\n\t\t<tr class=\"row-17 odd\">\r\n\t\t\t<td class=\"column-1\">Емкость бака гидросистемы, л</td>\r\n\t\t\t<td class=\"column-2\">35,0 &plusmn; 0,5</td>\r\n\t\t</tr>\r\n\t\t<tr class=\"row-18 even\">\r\n\t\t\t<td class=\"column-1\" colspan=\"2\"><strong>Ходовая система</strong></td>\r\n\t\t</tr>\r\n\t\t<tr class=\"row-19 odd\">\r\n\t\t\t<td class=\"column-1\">Тип</td>\r\n\t\t\t<td class=\"column-2\">колесная</td>\r\n\t\t</tr>\r\n\t\t<tr class=\"row-20 even\">\r\n\t\t\t<td class=\"column-1\">Колесная формула</td>\r\n\t\t\t<td class=\"column-2\">4х4</td>\r\n\t\t</tr>\r\n\t\t<tr class=\"row-21 odd\">\r\n\t\t\t<td class=\"column-1\" colspan=\"2\"><strong>Шины</strong></td>\r\n\t\t</tr>\r\n\t\t<tr class=\"row-22 even\">\r\n\t\t\t<td class=\"column-1\">передние</td>\r\n\t\t\t<td class=\"column-2\">420/70R24</td>\r\n\t\t</tr>\r\n\t\t<tr class=\"row-23 odd\">\r\n\t\t\t<td class=\"column-1\">задние</td>\r\n\t\t\t<td class=\"column-2\">580/70R42</td>\r\n\t\t</tr>\r\n\t\t<tr class=\"row-24 even\">\r\n\t\t\t<td class=\"column-1\" colspan=\"2\"><strong>Прочие характеристики</strong></td>\r\n\t\t</tr>\r\n\t\t<tr class=\"row-25 odd\">\r\n\t\t\t<td class=\"column-1\">Тормоза/тормоза прицепа</td>\r\n\t\t\t<td class=\"column-2\">многодисковые/пневматические, сблокированные с управлением тормозами трактора</td>\r\n\t\t</tr>\r\n\t\t<tr class=\"row-26 even\">\r\n\t\t\t<td class=\"column-1\">Масса максимально допустимая, кг</td>\r\n\t\t\t<td class=\"column-2\">10000</td>\r\n\t\t</tr>\r\n\t\t<tr class=\"row-27 odd\">\r\n\t\t\t<td class=\"column-1\">ПНУ\\ПВОМ</td>\r\n\t\t\t<td class=\"column-2\">+/+</td>\r\n\t\t</tr>\r\n\t\t<tr class=\"row-28 even\">\r\n\t\t\t<td class=\"column-1\">Климатическое исполнение</td>\r\n\t\t\t<td class=\"column-2\">У1</td>\r\n\t\t</tr>\r\n\t\t<tr class=\"row-29 odd\">\r\n\t\t\t<td class=\"column-1\">Минимальная и максимальная скорость вперед/назад, км/ч</td>\r\n\t\t\t<td class=\"column-2\">Min 1,14/1,6; Max 39,7/18,7</td>\r\n\t\t</tr>\r\n\t\t<tr class=\"row-30 even\">\r\n\t\t\t<td class=\"column-1\">Реверс редуктор</td>\r\n\t\t\t<td class=\"column-2\">механический</td>\r\n\t\t</tr>\r\n\t</tbody>\r\n</table>\r\n<!-- #tablepress-24 from cache --></div>\r\n<!-- .entry-content -->", "categories_id": 26, "slug": "mtz-2022", "picture_url": null}}, {"model": "main.machine", "pk": 6, "fields": {"name": "МТЗ-1523", "main_image": "machine/МТЗ-15231.jpg", "preview_description": "<p><br />\r\n&nbsp;</p>", "description": "<p><img alt=\"МТЗ 1523\" src=\"https://apkaba.ru/wp-content/uploads/2015/05/МТЗ-15231.jpg\" style=\"width: 680px; height: 584px;\" /></p>\r\n\r\n<p>Трактор МТЗ-1523 представляет семейство мощных тракторов для работ общего назначения в сельском хозяйстве, который может использоваться с сельскохозяйственными машинами,тяговое сопротивление которых превышает 22 кН.</p>\r\n\r\n<p>Отличительные особенности:</p>\r\n\r\n<ul>\r\n\t<li>высокая надежность в эксплуатации;</li>\r\n\t<li>экономичная работа при любых нагрузках в самых неблагоприятных условиях;</li>\r\n\t<li>синхронизированная трансмиссия;</li>\r\n\t<li>гидронавесная система с микропроцессорным управлением, обеспечивающая оптимальное агрегатирование с сельскохозяйственными машинами и высокую производительность МТА;</li>\r\n\t<li>переналаживаемый на реверс пост управления расширяет возможность использования трактора в сельском хозяйстве и промышленности.</li>\r\n</ul>\r\n\r\n<p><strong>Технические характеристики:</strong></p>\r\n\r\n<table id=\"tablepress-23\">\r\n\t<thead>\r\n\t\t<tr>\r\n\t\t\t<th colspan=\"2\"><strong>Двигатель</strong></th>\r\n\t\t</tr>\r\n\t</thead>\r\n\t<tbody>\r\n\t\t<tr>\r\n\t\t\t<td>Тип</td>\r\n\t\t\t<td>6-ти цилиндровый, с турбонаддувом</td>\r\n\t\t</tr>\r\n\t\t<tr>\r\n\t\t\t<td>Мощность, л.с./кВт</td>\r\n\t\t\t<td>148/109</td>\r\n\t\t</tr>\r\n\t\t<tr>\r\n\t\t\t<td>Марка</td>\r\n\t\t\t<td>Д-260.1</td>\r\n\t\t</tr>\r\n\t\t<tr>\r\n\t\t\t<td>Экологический стандарт</td>\r\n\t\t\t<td>Stage 0/Stage I</td>\r\n\t\t</tr>\r\n\t\t<tr>\r\n\t\t\t<td>Удельный расход топлива, г/(кВт&middot;ч)</td>\r\n\t\t\t<td>227,0 &plusmn; 7,0</td>\r\n\t\t</tr>\r\n\t\t<tr>\r\n\t\t\t<td>Максимальный крутящий момент, Н&middot;м 2</td>\r\n\t\t\t<td>596.8</td>\r\n\t\t</tr>\r\n\t\t<tr>\r\n\t\t\t<td colspan=\"2\"><strong>Трансмиссия</strong></td>\r\n\t\t</tr>\r\n\t\t<tr>\r\n\t\t\t<td>Коробка передач</td>\r\n\t\t\t<td>Синхронизированная</td>\r\n\t\t</tr>\r\n\t\t<tr>\r\n\t\t\t<td>Муфта сцепления</td>\r\n\t\t\t<td>фрикционная двухдисковая постоянно-замкнутого типа</td>\r\n\t\t</tr>\r\n\t\t<tr>\r\n\t\t\t<td>Число передач вперед/назад</td>\r\n\t\t\t<td>16/8 (24/12)</td>\r\n\t\t</tr>\r\n\t\t<tr>\r\n\t\t\t<td>Задний ВОМ, мин -1</td>\r\n\t\t\t<td>540/1000</td>\r\n\t\t</tr>\r\n\t\t<tr>\r\n\t\t\t<td colspan=\"2\"><strong>Гидросистема</strong></td>\r\n\t\t</tr>\r\n\t\t<tr>\r\n\t\t\t<td>Грузоподъемность заднего навесного устройства на оси подвеса, кг, не менее</td>\r\n\t\t\t<td>6500</td>\r\n\t\t</tr>\r\n\t\t<tr>\r\n\t\t\t<td>Максимальное давление, кгс/см</td>\r\n\t\t\t<td>200</td>\r\n\t\t</tr>\r\n\t\t<tr>\r\n\t\t\t<td>Объемная подача насоса при номинальной частоте вращения коленчатого вала дизеля, л/мин, не менее</td>\r\n\t\t\t<td>55</td>\r\n\t\t</tr>\r\n\t\t<tr>\r\n\t\t\t<td>Емкость бака гидросистемы, л</td>\r\n\t\t\t<td>30,0 &plusmn; 0,5</td>\r\n\t\t</tr>\r\n\t\t<tr>\r\n\t\t\t<td colspan=\"2\"><strong>Ходовая система</strong></td>\r\n\t\t</tr>\r\n\t\t<tr>\r\n\t\t\t<td>Тип</td>\r\n\t\t\t<td>колесная</td>\r\n\t\t</tr>\r\n\t\t<tr>\r\n\t\t\t<td>Колесная формула</td>\r\n\t\t\t<td>4&times;4</td>\r\n\t\t</tr>\r\n\t\t<tr>\r\n\t\t\t<td colspan=\"2\"><strong>Шины</strong></td>\r\n\t\t</tr>\r\n\t\t<tr>\r\n\t\t\t<td>передние</td>\r\n\t\t\t<td>420/70R24</td>\r\n\t\t</tr>\r\n\t\t<tr>\r\n\t\t\t<td>задние</td>\r\n\t\t\t<td>520/70R38</td>\r\n\t\t</tr>\r\n\t\t<tr>\r\n\t\t\t<td colspan=\"2\"><strong>Прочие характеристики</strong></td>\r\n\t\t</tr>\r\n\t\t<tr>\r\n\t\t\t<td>Тормоза/тормоза прицепа</td>\r\n\t\t\t<td>Сухие (мокрые) трехдисковые/пневматические, сблокированные с управлением тормозами трактора</td>\r\n\t\t</tr>\r\n\t\t<tr>\r\n\t\t\t<td>Масса максимально допустимая, кг</td>\r\n\t\t\t<td>9000</td>\r\n\t\t</tr>\r\n\t\t<tr>\r\n\t\t\t<td>ПНУ\\ПВОМ</td>\r\n\t\t\t<td>+/+</td>\r\n\t\t</tr>\r\n\t\t<tr>\r\n\t\t\t<td>Климатическое исполнение</td>\r\n\t\t\t<td>У1</td>\r\n\t\t</tr>\r\n\t\t<tr>\r\n\t\t\t<td>Минимальная и максимальная скорость вперед/назад, км/ч</td>\r\n\t\t\t<td>Min 1,73/2,72; Max 36,30/17,1</td>\r\n\t\t</tr>\r\n\t</tbody>\r\n</table>", "categories_id": 26, "slug": "mtz-1523", "picture_url": null}}, {"model": "main.machine", "pk": 7, "fields": {"name": "МТЗ-1221", "main_image": "machine/МТЗ-1221.2.jpg", "preview_description": "<p><br />\r\n&nbsp;</p>", "description": "<p><img alt=\"МТЗ-1221.2\" src=\"https://apkaba.ru/wp-content/uploads/2015/05/МТЗ-1221.2.jpg\" /></p>\r\n\r\n<p>МТЗ-1221 представляет семейство универсально-пропашных тракторов средней мощности и предназначен для выполнения разнообразных работ с навесными, полунавесными и прицепными машинами, а благодаря наличию основного и дополнительного оборудования для агрегатирования используется в различных комбинациях.</p>\r\n\r\n<p><strong>Технические характеристики:</strong></p>\r\n\r\n<table id=\"tablepress-22\">\r\n\t<thead>\r\n\t\t<tr>\r\n\t\t\t<th><strong>Колесная формула</strong></th>\r\n\t\t\t<th>4х4</th>\r\n\t\t</tr>\r\n\t</thead>\r\n\t<tbody>\r\n\t\t<tr>\r\n\t\t\t<td><strong>Двигатель</strong></td>\r\n\t\t\t<td>Дизель с непоср. впр. и турбонаддувом. Д-260.2 Turbo</td>\r\n\t\t</tr>\r\n\t\t<tr>\r\n\t\t\t<td>Мощность кВт (л.с.)</td>\r\n\t\t\t<td>96 (130)</td>\r\n\t\t</tr>\r\n\t\t<tr>\r\n\t\t\t<td><strong>Число передач, вперед/назад</strong></td>\r\n\t\t\t<td>16/8</td>\r\n\t\t</tr>\r\n\t\t<tr>\r\n\t\t\t<td><strong>Колесная база, мм</strong></td>\r\n\t\t\t<td>2750</td>\r\n\t\t</tr>\r\n\t\t<tr>\r\n\t\t\t<td><strong>Высота по кабине, мм</strong></td>\r\n\t\t\t<td>2820</td>\r\n\t\t</tr>\r\n\t\t<tr>\r\n\t\t\t<td><strong>Ширина, мм</strong></td>\r\n\t\t\t<td>2250</td>\r\n\t\t</tr>\r\n\t\t<tr>\r\n\t\t\t<td><strong>Общая длина, мм</strong></td>\r\n\t\t\t<td>4950</td>\r\n\t\t</tr>\r\n\t\t<tr>\r\n\t\t\t<td colspan=\"2\"><strong>Дорожный просвет, мм:</strong></td>\r\n\t\t</tr>\r\n\t\t<tr>\r\n\t\t\t<td>&mdash; под передним мостом</td>\r\n\t\t\t<td>620</td>\r\n\t\t</tr>\r\n\t\t<tr>\r\n\t\t\t<td>&mdash; под задним мостом</td>\r\n\t\t\t<td>465</td>\r\n\t\t</tr>\r\n\t\t<tr>\r\n\t\t\t<td><strong>Наименьший радиус поворота, м</strong></td>\r\n\t\t\t<td>5.3</td>\r\n\t\t</tr>\r\n\t\t<tr>\r\n\t\t\t<td><strong>Эксплуатационная масса без балласта, кг</strong></td>\r\n\t\t\t<td>4640</td>\r\n\t\t</tr>\r\n\t\t<tr>\r\n\t\t\t<td><strong>Масса с передними грузами и грузами задних колес, кг</strong></td>\r\n\t\t\t<td>5300</td>\r\n\t\t</tr>\r\n\t\t<tr>\r\n\t\t\t<td colspan=\"2\"><strong>Размеры шин:</strong></td>\r\n\t\t</tr>\r\n\t\t<tr>\r\n\t\t\t<td>&mdash; передних колес</td>\r\n\t\t\t<td>14.9R24</td>\r\n\t\t</tr>\r\n\t\t<tr>\r\n\t\t\t<td>&mdash; задних колес</td>\r\n\t\t\t<td>18.4R38</td>\r\n\t\t</tr>\r\n\t</tbody>\r\n</table>", "categories_id": 26, "slug": "mtz-1221", "picture_url": null}}, {"model": "main.machine", "pk": 8, "fields": {"name": "МТЗ-82", "main_image": "machine/МТЗ-82.1.jpg", "preview_description": "", "description": "<div class=\"container text-center\">\r\n<div class=\"row\">\r\n<div class=\"col-lg-1\">&nbsp;</div>\r\n\r\n<div class=\"col-lg-10\">\r\n<p style=\"text-align: center;\"><img alt=\"МТЗ-82.1\" src=\"https://apkaba.ru/wp-content/uploads/2015/05/МТЗ-82.1.jpg\" /></p>\r\n\r\n<p style=\"text-align: justify;\">Широкая универсальность и наличие основного и дополнительного оборудования для агрегатирования дает возможность использовать тракторы МТЗ-82 (80) в сельском хозяйстве в различных комбинациях. Потребитель использует их в течение всего года без затрат, связанных с простоями, благодаря универсальности применения и простоте обслуживания.</p>\r\n\r\n<p style=\"text-align: center;\"><strong>Технические характеристики:</strong></p>\r\n\r\n<table border=\"1\" class=\"table table-striped\" id=\"tablepress-21\">\r\n\t<thead>\r\n\t\t<tr>\r\n\t\t\t<th><strong>Колесная формула</strong></th>\r\n\t\t\t<th>4х4</th>\r\n\t\t</tr>\r\n\t</thead>\r\n\t<tbody>\r\n\t\t<tr>\r\n\t\t\t<td><strong>Двигатель</strong></td>\r\n\t\t\t<td>дизель с непосредственным впрыском Д-243</td>\r\n\t\t</tr>\r\n\t\t<tr>\r\n\t\t\t<td>Мощность кВт (л.с.)</td>\r\n\t\t\t<td>60 (81)</td>\r\n\t\t</tr>\r\n\t\t<tr>\r\n\t\t\t<td><strong>База трактора 80.1/82.1, мм</strong></td>\r\n\t\t\t<td>2370/2450</td>\r\n\t\t</tr>\r\n\t\t<tr>\r\n\t\t\t<td>Общая длина 80.1/82.1, мм</td>\r\n\t\t\t<td>3815/3930</td>\r\n\t\t</tr>\r\n\t\t<tr>\r\n\t\t\t<td>Ширина, мм</td>\r\n\t\t\t<td>1970</td>\r\n\t\t</tr>\r\n\t\t<tr>\r\n\t\t\t<td>Высота по кабине, мм</td>\r\n\t\t\t<td>2785</td>\r\n\t\t</tr>\r\n\t\t<tr>\r\n\t\t\t<td>Высота по тенту, мм</td>\r\n\t\t\t<td>2450</td>\r\n\t\t</tr>\r\n\t\t<tr>\r\n\t\t\t<td colspan=\"2\"><strong>Колея, мм:</strong></td>\r\n\t\t</tr>\r\n\t\t<tr>\r\n\t\t\t<td>&mdash; по передним колесам</td>\r\n\t\t\t<td>1350-1850</td>\r\n\t\t</tr>\r\n\t\t<tr>\r\n\t\t\t<td>&mdash; по задним колесам</td>\r\n\t\t\t<td>1420-2100</td>\r\n\t\t</tr>\r\n\t\t<tr>\r\n\t\t\t<td colspan=\"2\"><strong>Дорожный просвет, мм:</strong></td>\r\n\t\t</tr>\r\n\t\t<tr>\r\n\t\t\t<td>&mdash; под передней осью</td>\r\n\t\t\t<td>645</td>\r\n\t\t</tr>\r\n\t\t<tr>\r\n\t\t\t<td>&mdash; под задним мостом</td>\r\n\t\t\t<td>465</td>\r\n\t\t</tr>\r\n\t\t<tr>\r\n\t\t\t<td><strong>Эксплуатационная масса, кг</strong></td>\r\n\t\t\t<td>3700/3900</td>\r\n\t\t</tr>\r\n\t</tbody>\r\n</table>\r\n</div>\r\n\r\n<div class=\"col-lg-1\">&nbsp;</div>\r\n</div>\r\n</div>", "categories_id": 26, "slug": "mtz-82", "picture_url": null}}, {"model": "main.post", "pk": 8, "fields": {"title": "СИПМА РУ. Фиксируем цены в рублях!", "content": "<p style=\"text-align: center;\"><img alt=\"\" src=\"/media/uploads/2023/09/17/sipma.jpg\" style=\"width: 600px; height: 770px;\" /></p>", "image": "news_image/SIPMA_акция.jpg", "created_at": "2023-09-17", "slug": "sipma-ru-fiksiruem-ceny-v-rublyah", "picture_url": null}}, {"model": "main.post", "pk": 9, "fields": {"title": "День поля завода FeatAgro-2023", "content": "<p style=\"text-align: center;\"><img alt=\"\" src=\"/media/uploads/2023/09/17/1_650.jpg\" style=\"width: 650px; height: 487px;\" /></p>\r\n\r\n<p style=\"text-align: justify;\"><strong>9 августа 2023 г. завод FeatAgro (г. Барнаул) провел масштабное демонстрационно-выставочное мероприятие &mdash; &laquo;День поля&raquo;.</strong></p>\r\n\r\n<p style=\"text-align: justify;\">Орловская делегация приняла активное участие в мероприятии.</p>\r\n\r\n<p style=\"text-align: justify;\">В рамках &laquo;Дня поля&raquo; были <strong>представлены в работе</strong> уже зарекомендовавшие себя модели посевных комплексов и почвообрабатывающей техники под брендом FEATAGRO, а так же&nbsp;<strong>НОВИНКИ 2023</strong>.</p>\r\n\r\n<p style=\"text-align: center;\">&nbsp;</p>\r\n\r\n<p style=\"text-align: center;\"><img alt=\"\" src=\"/media/uploads/2023/09/17/3.jpg\" style=\"width: 650px; height: 487px;\" /><img alt=\"\" src=\"/media/uploads/2023/09/17/4.jpg\" style=\"width: 650px; height: 487px;\" /><img alt=\"\" src=\"/media/uploads/2023/09/17/5.jpg\" style=\"width: 650px; height: 487px;\" /><img alt=\"\" src=\"/media/uploads/2023/09/17/6.jpg\" style=\"width: 650px; height: 487px;\" /><img alt=\"\" src=\"/media/uploads/2023/09/17/7.jpg\" style=\"width: 650px; height: 487px;\" /><img alt=\"\" src=\"/media/uploads/2023/09/17/8.jpg\" style=\"width: 650px; height: 487px;\" /></p>\r\n\r\n<p style=\"text-align: center;\">&nbsp;</p>", "image": "news_image/1_650.jpg", "created_at": "2023-09-17", "slug": "den-polya-zavoda-featagro-2023", "picture_url": null}}, {"model": "main.post", "pk": 10, "fields": {"title": "Плуги чизельные «Svarog» ПЧ-4,5", "content": "<p style=\"text-align: center;\"><img alt=\"\" src=\"/media/uploads/2023/09/17/600_1.jpg\" style=\"width: 599px; height: 447px;\" /><img alt=\"\" src=\"/media/uploads/2023/09/17/600_2-e1690962846405.jpg\" style=\"width: 591px; height: 286px;\" /></p>", "image": "news_image/Плуги-чизельные-АКЦИЯ_600_1.jpg", "created_at": "2023-09-17", "slug": "plugi-chizelnye-svarog-pch-45", "picture_url": null}}, {"model": "main.post", "pk": 11, "fields": {"title": "«ТРАКТОР ДЛЯ СВОИХ» акция от АО «Росагролизинг»", "content": "<p style=\"text-align: center;\"><img alt=\"\" src=\"/media/uploads/2023/09/17/owvgsz.jpg\" style=\"width: 286px; height: 287px;\" /></p>\r\n\r\n<p style=\"text-align: center;\">&nbsp;</p>\r\n\r\n<p style=\"text-align: center;\"><img alt=\"\" src=\"/media/uploads/2023/09/17/650.jpg\" style=\"width: 650px; height: 914px;\" /></p>\r\n\r\n<p style=\"text-align: center;\">&nbsp;</p>", "image": "news_image/ПТЗ_эмблема.jpg", "created_at": "2023-09-17", "slug": "traktor-dlya-svoih-akciya-ot-ao-rosagrolizing", "picture_url": null}}, {"model": "main.post", "pk": 12, "fields": {"title": "«Аграрная неделя Орловской области – 2023»", "content": "<p style=\"text-align: center;\"><img alt=\"\" src=\"/media/uploads/2023/09/17/1-1024x768.jpg\" style=\"width: 1024px; height: 768px;\" /></p>\r\n\r\n<p style=\"text-align: justify;\">Главным событием традиционного аграрного праздника стал &laquo;День русского поля&raquo;,&nbsp; который проходил&nbsp; <strong>1 июля &nbsp;в поселке Стрелецкий Орловского муниципального округа&nbsp;</strong>на площадке Федерального научного центра зернобобовых и крупяных культур.</p>\r\n\r\n<p style=\"text-align: justify;\"><strong>Свои экспозиции представили</strong><strong>&nbsp;</strong><strong>более 100 поставщиков сельскохозяйственной техники,&nbsp;</strong>минеральных удобрений, средств защиты растений, научных и финансовых организаций.</p>\r\n\r\n<p style=\"text-align: justify;\">ООО &laquo;Аграрная Промышленная Компания &laquo;АГРО БИЗНЕС АЛЬЯНС&raquo; представила на данной выставке широкую линейку техники от ведущих Российских и Зарубежных производителей.</p>\r\n\r\n<p style=\"text-align: justify;\">Не обошлось и без новинок:</p>\r\n\r\n<p style=\"text-align: justify;\">Трактора &laquo;Кировец&raquo; серии К-7 и К-5, с Российским гидравлическим автопилотом Cognitive Pilot;</p>\r\n\r\n<p style=\"text-align: justify;\">Тракторы WEIHE c двигателями Weichai, известными своей надежностью;</p>\r\n\r\n<p style=\"text-align: justify;\">Турецкий Кормораздатчик-смеситель кормов Celikel Charger;</p>\r\n\r\n<p style=\"text-align: justify;\">Чешский оборотный плуг Sukov ArcoAgro180 2in1, особенностью которого является возможность перенастройки для работы &laquo;по полю&raquo; и &laquo;в борозде&raquo;;</p>\r\n\r\n<p style=\"text-align: justify;\">Турецкая сеялка Cansa C-90-8GF, конструктивно исполненная как аналог Gaspardo;</p>\r\n\r\n<p style=\"text-align: justify;\">Комбинированный посевной комплекс с предварительной подготовкой почвы FEATAGRO серии D-9900</p>", "image": "news_image/1-1024x768.jpg", "created_at": "2023-09-17", "slug": "agrarnaya-nedelya-orlovskoj-oblasti-2023", "picture_url": null}}, {"model": "main.post", "pk": 13, "fields": {"title": "Трактор", "content": "<p>Трактор</p>", "image": "news_image/Снимок_экрана_от_2023-11-02_17-56-14.png", "created_at": "2023-11-29", "slug": "traktor", "picture_url": "/media/news_image/%D0%A1%D0%BD%D0%B8%D0%BC%D0%BE%D0%BA_%D1%8D%D0%BA%D1%80%D0%B0%D0%BD%D0%B0_%D0%BE%D1%82_2023-11-02_17-56-14.png"}}, {"model": "main.ourpartners", "pk": 14, "fields": {"name": "1", "image": "partner_logos/_Б-e1430205156385.png", "href": "1"}}, {"model": "main.ourpartners", "pk": 15, "fields": {"name": "2", "image": "partner_logos/Агротех-Союз_200.jpg", "href": "2"}}, {"model": "main.ourpartners", "pk": 16, "fields": {"name": "3", "image": "partner_logos/Алмаз_200.jpg", "href": "3"}}, {"model": "main.ourpartners", "pk": 17, "fields": {"name": "4", "image": "partner_logos/ДИАС.jpg", "href": "4"}}, {"model": "main.ourpartners", "pk": 18, "fields": {"name": "5", "image": "partner_logos/лейбл_200.jpg", "href": "5"}}, {"model": "main.ourpartners", "pk": 19, "fields": {"name": "6", "image": "partner_logos/Лого_FEAT-AGRO_200.jpg", "href": "6"}}, {"model": "main.ourpartners", "pk": 20, "fields": {"name": "7", "image": "partner_logos/Лого_FEAT-AGRO_200_Z1yH6lb.jpg", "href": "7"}}, {"model": "main.ourpartners", "pk": 21, "fields": {"name": "8", "image": "partner_logos/Лого_РОСТЛАЙН_200.jpg", "href": "8"}}, {"model": "main.ourpartners", "pk": 22, "fields": {"name": "9", "image": "partner_logos/Лого-БДМ_новый.jpg", "href": "9"}}, {"model": "main.ourpartners", "pk": 23, "fields": {"name": "11", "image": "partner_logos/НИТИ-Снегирева_200.jpg", "href": "11"}}, {"model": "main.ourpartners", "pk": 24, "fields": {"name": "22", "image": "partner_logos/ПромАгро_400.jpg", "href": "22"}}, {"model": "main.ourpartners", "pk": 25, "fields": {"name": "33", "image": "partner_logos/ПТЗ_200.jpg", "href": "33"}}, {"model": "main.pagecontent", "pk": 1, "fields": {"title": "О нас", "content": "<div id=\"a4\">\r\n<h1>Высокие технологии в сельском хозяйстве!</h1>\r\n\r\n<p style=\"text-align: justify;\"><span style=\"color: #ff6600;\">ООО&nbsp;&laquo;Аграрная Промышленная Компания &laquo;АГРО БИЗНЕС АЛЬЯНС&raquo;</span>&nbsp;осуществляет комплексные поставки и сервисное обслуживание <strong>отечественной и импортной сельскохозяйственной техники</strong>.</p>\r\n\r\n<p style=\"text-align: justify;\">ООО &laquo;Аграрная Промышленная Компания &laquo;АГРО БИЗНЕС АЛЬЯНС&raquo; осуществляет консультационную деятельность в области создания и развития высокотехнологичных предприятий с максимально возможной продуктивностью на уровне мировых стандартов.</p>\r\n\r\n<p style=\"text-align: justify;\">Центральный офис компании расположен в городе Орле. Для удобства наших клиентов открыта выставочная площадка, склад запчастей и сервисный центр.</p>\r\n\r\n<p style=\"text-align: justify;\">Основной концепцией развития нашей компании является обеспечение предприятий АПК&nbsp;Орловской области и близлежащих регионов современной, надежной и высокотехнологичной сельскохозяйственной техникой ведущих производителей.</p>\r\n\r\n<p style=\"text-align: justify;\">Мы выстраиваем долгосрочные партнерские отношения со всеми нашими клиентами, уделяя огромное внимание качеству их обслуживания.</p>\r\n\r\n<p style=\"text-align: justify;\">Для этих целей компания объединила высококвалифицированных специалистов с большим опытом работы в области сельскохозяйственного производства, производства сельскохозяйственной техники, её продаж и сервисного обслуживания.</p>\r\n\r\n<p style=\"text-align: justify;\">Наши менеджеры помогут Вам выбрать необходимое оборудование с оптимальной комплектацией, а специалисты сервисной службы осуществят доставку и запуск техники в эксплуатацию, проведут обучение Вашего персонала, обеспечат запасными частями и расходными материалами.</p>\r\n\r\n<p style=\"text-align: justify;\">Ставя перед собой цели и задачи по своевременному, комплексному и качественному обслуживанию наших клиентов, мы можем выделить основные преимущества сотрудничества с ООО&nbsp;&laquo;Аграрная Промышленная Компания &laquo;АГРО БИЗНЕС АЛЬЯНС&raquo;:</p>\r\n\r\n<ul>\r\n\t<li><em>большой ассортимент сельскохозяйственной техники и оборудования отечественного и импортного производства;</em></li>\r\n\t<li><em>осуществление предпродажной подготовки, доставки и запуска техники в эксплуатацию;</em></li>\r\n\t<li><em>гарантийное и постгарантийное обслуживание как в полевых условиях, так и в собственных мастерских;</em></li>\r\n\t<li><em>оперативный выезд сервисных бригад в хозяйства для оказания услуг по ремонту и обслуживанию техники на специально оборудованных автомобилях;</em></li>\r\n\t<li><em>постоянно пополняемый склад запасных частей;</em></li>\r\n\t<li><em>гибкий подход к условиям и способам оплаты, возможность применения скидок, отсрочки платежа, кредитных и лизинговых программ;</em></li>\r\n\t<li><em>возможность приоритетного выполнения заказов.</em></li>\r\n</ul>\r\n\r\n<h2 style=\"text-align: center;\"><span style=\"color: #ff0000;\"><strong>Мы приложим все усилия, чтобы Вы всегда были с богатым урожаем!</strong></span></h2>\r\n</div>", "created_at": "2023-09-23", "on_main_menu": false, "href": null, "slug": "o-nas"}}, {"model": "main.pagecontent", "pk": 2, "fields": {"title": "Сертификаты и дипломы", "content": "", "created_at": "2023-09-23", "on_main_menu": false, "href": "/sert", "slug": "sertifikaty-i-diplomy"}}, {"model": "main.pagecontent", "pk": 3, "fields": {"title": "Наш буклет", "content": "", "created_at": "2023-09-23", "on_main_menu": false, "href": "buklet", "slug": "nash-buklet"}}, {"model": "main.pagecontent", "pk": 4, "fields": {"title": "Контакты", "content": "<p><strong>Наш адрес:</strong></p>\r\n\r\n<p>302014, г. Орел, ул. Спивака, д. 74,</p>\r\n\r\n<script type=\"text/javascript\" charset=\"utf-8\" async src=\"https://api-maps.yandex.ru/services/constructor/1.0/js/?um=constructor%3A6dba1b650f087039068adb6046724fa025652d158945cc25efd3b1aaeaed4bbc&amp;width=500&amp;height=400&amp;lang=ru_RU&amp;scroll=true\"></script>\r\n\r\n<p><strong>тел</strong>.: +7 (4862) 72-20-94, 72-21-43,</p>\r\n\r\n<p>e-mail: apk.aba@mail.ru</p>\r\n\r\n<p>&nbsp;</p>\r\n\r\n<p>&nbsp;</p>\r\n\r\n<p>&nbsp;</p>\r\n\r\n<p>&nbsp;</p>\r\n\r\n<p><strong>Генеральный директор:</strong> Горлов Сергей Леонидович,</p>\r\n\r\n<p><strong>тел.</strong> +79004840211,</p>\r\n\r\n<p>e-mail: gsl-aba@mail.ru</p>\r\n\r\n<p><strong>Зам. генерального&nbsp;директора:</strong> Бурлаков Роман Валерьевич,</p>\r\n\r\n<p><strong>тел</strong>. +79004840212,</p>\r\n\r\n<p>e-mail: aba-orel3@mail.ru</p>\r\n\r\n<p><strong>Коммерческий директор:</strong> Савостикова Наталия Николаевна,</p>\r\n\r\n<p><strong>тел.</strong> +79004840210,</p>\r\n\r\n<p>e-mail:&nbsp;aba-orel1@mail.ru</p>\r\n\r\n<p><strong>Руководитель сервисной службы: </strong>Лисица<strong>&nbsp;</strong>Владимир Николаевич</p>\r\n\r\n<p><strong>тел.</strong> +79004840215,</p>\r\n\r\n<p>e-mail:&nbsp;aba-orel4@mail.ru</p>\r\n\r\n<p><strong>Начальник отдела запасных частей:</strong>&nbsp;Моисеев Александр Викторович,</p>\r\n\r\n<p><strong>тел.</strong>+79004844894,</p>\r\n\r\n<p>e-mail: apk.aba5@mail.ru</p>\r\n\r\n<p><strong>Начальник отдела продаж:</strong>&nbsp;Васютин Алексей Сергеевич,</p>\r\n\r\n<p><strong>тел.</strong>+79019840455,</p>\r\n\r\n<p>e-mail: aba-orel5@mail.ru</p>\r\n\r\n<p><strong>Главный бухгалтер:</strong>&nbsp;Алёхина Елена Леонидовна,</p>\r\n\r\n<p><strong>тел.&nbsp;</strong>+79004840214,</p>\r\n\r\n<p>e-mail:&nbsp;aba-orel2@mail.ru</p>", "created_at": "2023-09-23", "on_main_menu": false, "href": null, "slug": "kontakty"}}, {"model": "main.pagecontent", "pk": 5, "fields": {"title": "VIP-партнёры", "content": "<div id=\"a4\">\r\n<p><a href=\"http://kirovets-ptz.com\"><img alt=\"ПТЗ_200\" class=\"alignnone wp-image-4610\" height=\"41\" src=\"https://apkaba.ru/wp-content/uploads/2015/04/ПТЗ_200.jpg\" width=\"144\" /></a>&nbsp;&nbsp;<a href=\"http://kirovets-ptz.com\">ПЕТЕРБУРГСКИЙ ТРАКТОРНЫЙ ЗАВОД</a></p>\r\n\r\n<p><a href=\"https://pkyar.ru/about/\"><img alt=\"Ярославич_Б\" class=\"size-full wp-image-264 alignnone\" height=\"41\" src=\"https://apkaba.ru/wp-content/uploads/2015/04/_Б-e1430205156385.png\" width=\"144\" /></a>&nbsp;<a href=\"https://pkyar.ru/about/\">ПК &laquo;ЯРОСЛАВИЧ&raquo;</a></p>\r\n\r\n<p><a href=\"https://almaztd.ru/company/\"><img alt=\"Алмаз_Б\" class=\"size-full wp-image-266 alignnone\" height=\"41\" src=\"https://apkaba.ru/wp-content/uploads/2015/04/_Б-e1553082830194.png\" width=\"144\" /></a>&nbsp; <a href=\"https://almaztd.ru/company/\">&laquo;АЛМАЗ&raquo;</a></p>\r\n\r\n<p><a href=\"https://www.hozain.com\"><img alt=\"Хозяин_200\" class=\"wp-image-4655 alignnone\" height=\"41\" src=\"https://apkaba.ru/wp-content/uploads/2018/01/Хозяин_200.jpg\" width=\"144\" /></a>&nbsp; &laquo;<a href=\"https://www.hozain.com\">Хозяин</a>&raquo;&nbsp;(&laquo;ИНТЕХ&raquo;)</p>\r\n\r\n<p><a href=\"https://www.gomselmash.by\"><img alt=\"ГСМ_144\" class=\"size-full wp-image-6962 alignnone\" height=\"41\" src=\"https://apkaba.ru/wp-content/uploads/2015/11/ГСМ_144.jpg\" width=\"144\" /></a>&nbsp; <a href=\"https://www.gomselmash.by\">&laquo;ГОМСЕЛЬМАШ&raquo;</a></p>\r\n\r\n<p><a href=\"https://featagro.ru\"><img alt=\"Лого_FEAT AGRO_200\" class=\"alignnone wp-image-6427\" height=\"41\" src=\"https://apkaba.ru/wp-content/uploads/2015/04/Лого_FEAT-AGRO_200.jpg\" width=\"144\" /></a>&nbsp;<a href=\"https://featagro.ru\">&laquo;FEAT AGRO&raquo;</a></p>\r\n\r\n<p><a href=\"http://www.belagromash.ru/predpriyatie.html\"><img alt=\"БАМ-С_Б\" class=\"size-full wp-image-268 alignnone\" height=\"41\" src=\"https://apkaba.ru/wp-content/uploads/2015/04/-С_Б-e1430205319916.png\" width=\"144\" /></a>&nbsp;<a href=\"http://www.belagromash.ru/predpriyatie.html\">&laquo;БЕЛАГРОМАШ-СЕРВИС&raquo;</a></p>\r\n\r\n<p><a href=\"https://bdm-agro.ru/catalog\"><img alt=\"Безымянный-1\" class=\"alignnone wp-image-7155\" height=\"41\" src=\"https://apkaba.ru/wp-content/uploads/2021/02/Лого-БДМ_новый.jpg\" width=\"144\" /></a>&nbsp;<a href=\"https://bdm-agro.ru/catalog\">&laquo;БДМ-АГРО&raquo;</a></p>\r\n\r\n<p><a href=\"http://dias-agro.ru/\"><img alt=\"dias\" class=\"wp-image-3159 alignnone\" height=\"41\" src=\"https://apkaba.ru/wp-content/uploads/2015/11/ДИАС.jpg\" width=\"144\" /></a>&nbsp; &laquo;<a href=\"http://dias-agro.ru/\">ДИАС</a>&raquo;</p>\r\n\r\n<p><a href=\"http://seyalki.penza-radiozavod.ru/?utm_source=direct&amp;utm_medium=cpc&amp;utm_campaign=41539860&amp;utm_content=7167516438&amp;utm_term=сеялка%20быстрица%206&amp;callibri=yd_c:41539860_gb:3730539238_ad:7167516438_ph:16060484509_st:search_s:none_dt:desktop&amp;yclid=4468928946729147872\"><img alt=\"лейбл_200\" class=\"alignnone wp-image-6977\" height=\"42\" src=\"https://apkaba.ru/wp-content/uploads/2015/04/лейбл_200.jpg\" width=\"144\" /></a>&nbsp;<a href=\"http://seyalki.penza-radiozavod.ru/?utm_source=direct&amp;utm_medium=cpc&amp;utm_campaign=41539860&amp;utm_content=7167516438&amp;utm_term=сеялка%20быстрица%206&amp;callibri=yd_c:41539860_gb:3730539238_ad:7167516438_ph:16060484509_st:search_s:none_dt:desktop&amp;yclid=4468928946729147872\">&laquo;РАДИОЗАВОД&raquo;</a></p>\r\n\r\n<p><a href=\"http://jympa.ru\"><img alt=\"JYMPA\" class=\"alignnone wp-image-238\" height=\"42\" src=\"https://apkaba.ru/wp-content/uploads/2015/04/JYMPA-e1430203013124.png\" width=\"144\" /></a>&nbsp; <a href=\"http://jympa.ru\">JYMPA</a></p>\r\n\r\n<p><a href=\"http://www.sipma.ru/?page=2\"><img alt=\"SIPMA\" class=\"size-full wp-image-252 alignnone\" height=\"41\" src=\"https://apkaba.ru/wp-content/uploads/2015/04/SIPMA-e1430204480245.png\" width=\"144\" /></a>&nbsp; <a href=\"http://www.sipma.ru/?page=2\">SIPMA</a></p>\r\n\r\n<p><a href=\"http://unia-vostok.ru/index/\"><img alt=\"UNIA_200\" class=\"alignnone wp-image-4626\" height=\"41\" src=\"https://apkaba.ru/wp-content/uploads/2015/04/UNIA_200.jpg\" width=\"144\" /></a>&nbsp; <a href=\"http://unia-vostok.ru/index/\">UNIA</a></p>\r\n\r\n<p style=\"text-align: left;\">&nbsp;</p>\r\n</div>", "created_at": "2023-09-23", "on_main_menu": false, "href": null, "slug": "vip-partnyory"}}, {"model": "main.pagecontent", "pk": 6, "fields": {"title": "Видео", "content": "<div id=\"a4\">\r\n\t\t\t\t\t\t<h3>&nbsp;<strong>ООО АПК АБА на «Дне поля Орловской области 2022″</strong></h3>\r\n<p><iframe src=\"https://rutube.ru/play/embed/fcdc9533cdfc3da7597409cdec1150b0\" width=\"650\" height=\"405\" frameborder=\"0\" allowfullscreen=\"allowfullscreen\"></iframe></p>\r\n<h3 class=\"pen-page-header_video-options-header-wide pen-page-header_color-default pen-page-header_size-default\" title=\"Демо Показ ПЧ-2,5_2022_1.mp4\"><strong>Демо Показ ПЧ-2,5 на «Дне поля Орловской области 2022″</strong></h3>\r\n<p><iframe src=\"https://rutube.ru/play/embed/3c1ac8944f421c341f04abb9f7d8bef7\" width=\"650\" height=\"405\" frameborder=\"0\" allowfullscreen=\"allowfullscreen\"></iframe></p>\r\n<h3>&nbsp;<strong>Опыт использования посевного комплекса FEAT AGRO в Орловской области 2022 г.</strong></h3>\r\n<p><iframe src=\"https://rutube.ru/play/embed/af21070bac475302cb31d6b0c65e1885\" width=\"650\" height=\"405\" frameborder=\"0\" allowfullscreen=\"allowfullscreen\"></iframe></p>\r\n<h3><strong>Отзывы фермеров Орловской области о тракторах Кировец К-7М и К-5 2020 г.</strong></h3>\r\n<p><iframe width=\"640\" height=\"360\" src=\"https://www.youtube.com/embed/2RraOHNM9WU?feature=oembed\" frameborder=\"0\" allow=\"accelerometer; autoplay; clipboard-write; encrypted-media; gyroscope; picture-in-picture\" allowfullscreen=\"\"></iframe></p>\r\n<h3><strong>Тракторы Кировец К-7М и К-5 на полях Орловской области 2020 г.</strong></h3>\r\n<p><iframe width=\"640\" height=\"360\" src=\"https://www.youtube.com/embed/irkMdM9TiZ8?feature=oembed\" frameborder=\"0\" allow=\"accelerometer; autoplay; clipboard-write; encrypted-media; gyroscope; picture-in-picture\" allowfullscreen=\"\"></iframe></p>\r\n<h3><strong>«День поля Орловской области — 2020″</strong></h3>\r\n<p><iframe width=\"640\" height=\"360\" src=\"https://www.youtube.com/embed/BrZeBJMGd6I?feature=oembed\" frameborder=\"0\" allow=\"accelerometer; autoplay; clipboard-write; encrypted-media; gyroscope; picture-in-picture\" allowfullscreen=\"\"></iframe></p>\r\n<h3><strong>Семинар по повышению квалификации работников, связанных с эксплуатацией тракторов Кировец в 2020 г</strong></h3>\r\n<p><iframe width=\"640\" height=\"360\" src=\"https://www.youtube.com/embed/xNn8CNJ9j7w?feature=oembed\" frameborder=\"0\" allow=\"accelerometer; autoplay; clipboard-write; encrypted-media; gyroscope; picture-in-picture\" allowfullscreen=\"\"></iframe></p>\r\n<h3 class=\"title style-scope ytd-video-primary-info-renderer\" style=\"text-align: center;\"><strong>Отвал на трактор «КИРОВЕЦ» гидроповоротный 2 цилиндра</strong></h3>\r\n<p><iframe width=\"640\" height=\"360\" src=\"https://www.youtube.com/embed/Tpw-vjdpdaU?feature=oembed\" frameborder=\"0\" allow=\"accelerometer; autoplay; clipboard-write; encrypted-media; gyroscope; picture-in-picture\" allowfullscreen=\"\"></iframe></p>\r\n<h3 class=\"title style-scope ytd-video-primary-info-renderer\" style=\"text-align: center;\"><strong>День поля Орловской области 2019 года</strong></h3>\r\n<p><iframe width=\"640\" height=\"360\" src=\"https://www.youtube.com/embed/dxB8lJz8txU?feature=oembed\" frameborder=\"0\" allow=\"accelerometer; autoplay; clipboard-write; encrypted-media; gyroscope; picture-in-picture\" allowfullscreen=\"\"></iframe></p>\r\n<h3 class=\"title style-scope ytd-video-primary-info-renderer\" style=\"text-align: center;\"><strong>Руководитель сервисной службы о наработке тракторов Кировец </strong></h3>\r\n<h3 class=\"title style-scope ytd-video-primary-info-renderer\" style=\"text-align: center;\"><strong>2019 г.</strong></h3>\r\n<p><iframe width=\"640\" height=\"360\" src=\"https://www.youtube.com/embed/7ciKxwjJoM8?feature=oembed\" frameborder=\"0\" allow=\"accelerometer; autoplay; clipboard-write; encrypted-media; gyroscope; picture-in-picture\" allowfullscreen=\"\"></iframe></p>\r\n<h3 style=\"text-align: center;\"><strong>Открытие цеха по ремонту КПП тракторов Кировец в Орле 2019 г.</strong></h3>\r\n<p><iframe width=\"640\" height=\"360\" src=\"https://www.youtube.com/embed/gzw_ha324yw?feature=oembed\" frameborder=\"0\" allow=\"accelerometer; autoplay; clipboard-write; encrypted-media; gyroscope; picture-in-picture\" allowfullscreen=\"\"></iframe></p>\r\n<h3 style=\"text-align: center;\"><strong>«День клиента — 2018″</strong></h3>\r\n<p><iframe width=\"640\" height=\"360\" src=\"https://www.youtube.com/embed/lSEIl-DvzmE?feature=oembed\" frameborder=\"0\" allow=\"accelerometer; autoplay; clipboard-write; encrypted-media; gyroscope; picture-in-picture\" allowfullscreen=\"\"></iframe></p>\r\n<h3 style=\"text-align: center;\"><strong>Совещание по&nbsp;подготовке к&nbsp;весенне-полевым работам в&nbsp;администрации Орловской области 21&nbsp;марта 2018 года</strong></h3>\r\n<p><iframe width=\"640\" height=\"480\" src=\"https://www.youtube.com/embed/UiTaNlHSAt4?feature=oembed\" frameborder=\"0\" allow=\"accelerometer; autoplay; clipboard-write; encrypted-media; gyroscope; picture-in-picture\" allowfullscreen=\"\"></iframe></p>\r\n<h3 style=\"text-align: center;\"></h3>\r\n<h3 style=\"text-align: center;\"><strong>Обучение механизаторов 27 февраля 2018 года&nbsp;</strong></h3>\r\n<p><iframe width=\"640\" height=\"480\" src=\"https://www.youtube.com/embed/C5k6QY1IweE?feature=oembed\" frameborder=\"0\" allow=\"accelerometer; autoplay; clipboard-write; encrypted-media; gyroscope; picture-in-picture\" allowfullscreen=\"\"></iframe></p>\r\n<h3 style=\"text-align: center;\"></h3>\r\n<h3 style=\"text-align: center;\"><strong>Открытие класса «Тракторы» в ОГАУ 31 октября 2017 года</strong></h3>\r\n<p><iframe width=\"640\" height=\"480\" src=\"https://www.youtube.com/embed/3CRKh-cu8z8?feature=oembed\" frameborder=\"0\" allow=\"accelerometer; autoplay; clipboard-write; encrypted-media; gyroscope; picture-in-picture\" allowfullscreen=\"\"></iframe></p>\r\n<h3 style=\"text-align: center;\"></h3>\r\n<h3 style=\"text-align: center;\"><strong>Презентация трактора Кировец К-4 на «Дне работника сельского хозяйства и перерабатывающей промышленности» в Орловской области 27 октября 2017 г.</strong></h3>\r\n<p><iframe width=\"640\" height=\"480\" src=\"https://www.youtube.com/embed/-lLtGReOvLs?feature=oembed\" frameborder=\"0\" allow=\"accelerometer; autoplay; clipboard-write; encrypted-media; gyroscope; picture-in-picture\" allowfullscreen=\"\"></iframe></p>\r\n<h3 style=\"text-align: center;\"></h3>\r\n<h3 style=\"text-align: center;\"><strong>На открытии выставки-продажи 2016 г.</strong></h3>\r\n<p><iframe width=\"640\" height=\"480\" src=\"https://www.youtube.com/embed/6jiV-Q6a1Mw?feature=oembed\" frameborder=\"0\" allow=\"accelerometer; autoplay; clipboard-write; encrypted-media; gyroscope; picture-in-picture\" allowfullscreen=\"\"></iframe></p>\r\n<p>&nbsp;</p>\r\n<h3 style=\"text-align: center;\"><strong>Испытания шведского восьмикорпусного оборотного плуга Overum DVL 81080F на базе ООО «Отрадаагроинвест» Мценского района 2015 г..</strong></h3>\r\n<p><iframe width=\"640\" height=\"480\" src=\"https://www.youtube.com/embed/Wxx-Kzibu3Y?feature=oembed\" frameborder=\"0\" allow=\"accelerometer; autoplay; clipboard-write; encrypted-media; gyroscope; picture-in-picture\" allowfullscreen=\"\"></iframe></p>\r\n<p>&nbsp;</p>\r\n<h3 style=\"text-align: center;\"><strong>День поля в Орловской области 8.07.2015 г.</strong></h3>\r\n<h4>Интервью генерального директора «АПК «АБА»</h4>\r\n<p><iframe width=\"640\" height=\"480\" src=\"https://www.youtube.com/embed/t-wroOjYI7g?feature=oembed\" frameborder=\"0\" allow=\"accelerometer; autoplay; clipboard-write; encrypted-media; gyroscope; picture-in-picture\" allowfullscreen=\"\"></iframe></p>\r\n<p>Интервью управляющего по региональным продажам сельхозтехники АО «ПТЗ» в ЦФО, ПФО</p>\r\n<p><iframe width=\"640\" height=\"480\" src=\"https://www.youtube.com/embed/D9VQt1abLM0?feature=oembed\" frameborder=\"0\" allow=\"accelerometer; autoplay; clipboard-write; encrypted-media; gyroscope; picture-in-picture\" allowfullscreen=\"\"></iframe></p>\r\n<p>Демопоказ техники</p>\r\n<p><iframe width=\"640\" height=\"480\" src=\"https://www.youtube.com/embed/OFL5T2OgF3Y?feature=oembed\" frameborder=\"0\" allow=\"accelerometer; autoplay; clipboard-write; encrypted-media; gyroscope; picture-in-picture\" allowfullscreen=\"\"></iframe></p>\r\n\t\t\t\t\t\t\t\t\t\t\t\t\t\t\t\t\t</div>", "created_at": "2023-09-23", "on_main_menu": false, "href": null, "slug": "video"}}, {"model": "main.pagecontent", "pk": 7, "fields": {"title": "Запчасти", "content": "<p>&nbsp;</p>\r\n\r\n<div class=\"container\">\r\n<div class=\"row \">\r\n<div class=\"col-md-9 \">\r\n<div class=\"container px-4 py-5\" id=\"hanging-icons\">\r\n<h2 class=\"pb-2 border-bottom\">ЗАПЧАСТИ</h2>\r\n\r\n<div class=\"row g-4 py-5 row-cols-1 row-cols-lg-2\">\r\n<div class=\"col d-flex align-items-start\">\r\n<div class=\"icon-square bg-light text-dark flex-shrink-0 me-3\"><img alt=\"\" src=\"/media/uploads/2023/11/28/rijytj.png\" /></div>\r\n\r\n<div>\r\n<h2>Название услуги</h2>\r\n\r\n<p>Описание услуги предлагаемой АПК &quot;АГРО БИЗНЕС АЛЬЯНС&quot;. В дальнейшем здесь будет текст.</p>\r\n</div>\r\n</div>\r\n\r\n<div class=\"col d-flex align-items-start\">\r\n<div class=\"icon-square bg-light text-dark flex-shrink-0 me-3\"><img alt=\"\" src=\"/media/uploads/2023/11/28/rijytj.png\" /></div>\r\n\r\n<div>\r\n<h2>Название услуги</h2>\r\n\r\n<p>Описание услуги предлагаемой АПК &quot;АГРО БИЗНЕС АЛЬЯНС&quot;. В дальнейшем здесь будет текст.</p>\r\n</div>\r\n</div>\r\n\r\n<div class=\"col d-flex align-items-start\">\r\n<div class=\"icon-square bg-light text-dark flex-shrink-0 me-3\"><img alt=\"\" src=\"/media/uploads/2023/11/28/rijytj.png\" /></div>\r\n\r\n<div>\r\n<h2>Название услуги</h2>\r\n\r\n<p>Описание услуги предлагаемой АПК &quot;АГРО БИЗНЕС АЛЬЯНС&quot;. В дальнейшем здесь будет текст.</p>\r\n</div>\r\n</div>\r\n\r\n<div class=\"col d-flex align-items-start\">\r\n<div class=\"icon-square bg-light text-dark flex-shrink-0 me-3\"><img alt=\"\" src=\"/media/uploads/2023/11/28/rijytj.png\" /></div>\r\n\r\n<div>\r\n<h2>Название услуги</h2>\r\n\r\n<p>Описание услуги предлагаемой АПК &quot;АГРО БИЗНЕС АЛЬЯНС&quot;. В дальнейшем здесь будет текст.</p>\r\n</div>\r\n</div>\r\n\r\n<div class=\"col d-flex align-items-start\">\r\n<div class=\"icon-square bg-light text-dark flex-shrink-0 me-3\"><img alt=\"\" src=\"/media/uploads/2023/11/28/rijytj.png\" /></div>\r\n\r\n<div>\r\n<h2>Название услуги</h2>\r\n\r\n<p>Описание услуги предлагаемой АПК &quot;АГРО БИЗНЕС АЛЬЯНС&quot;. В дальнейшем здесь будет текст.</p>\r\n</div>\r\n</div>\r\n\r\n<div class=\"col d-flex align-items-start\">\r\n<div class=\"icon-square bg-light text-dark flex-shrink-0 me-3\"><img alt=\"\" src=\"/media/uploads/2023/11/28/rijytj.png\" /></div>\r\n\r\n<div>\r\n<h2>Название услуги</h2>\r\n\r\n<p>Описание услуги предлагаемой АПК &quot;АГРО БИЗНЕС АЛЬЯНС&quot;. В дальнейшем здесь будет текст.</p>\r\n</div>\r\n</div>\r\n\r\n<div class=\"col d-flex align-items-start\">\r\n<div class=\"icon-square bg-light text-dark flex-shrink-0 me-3\"><img alt=\"\" src=\"/media/uploads/2023/11/28/rijytj.png\" /></div>\r\n\r\n<div>\r\n<h2>Название услуги</h2>\r\n\r\n<p>Описание услуги предлагаемой АПК &quot;АГРО БИЗНЕС АЛЬЯНС&quot;. В дальнейшем здесь будет текст.</p>\r\n</div>\r\n</div>\r\n\r\n<div class=\"col d-flex align-items-start\">\r\n<div class=\"icon-square bg-light text-dark flex-shrink-0 me-3\"><img alt=\"\" src=\"/media/uploads/2023/11/28/rijytj.png\" /></div>\r\n\r\n<div>\r\n<h2>Название услуги</h2>\r\n\r\n<p>Описание услуги предлагаемой АПК &quot;АГРО БИЗНЕС АЛЬЯНС&quot;. В дальнейшем здесь будет текст.</p>\r\n</div>\r\n</div>\r\n\r\n<div class=\"col d-flex align-items-start\">\r\n<div class=\"icon-square bg-light text-dark flex-shrink-0 me-3\"><img alt=\"\" src=\"/media/uploads/2023/11/28/rijytj.png\" /></div>\r\n\r\n<div>\r\n<h2>Название услуги</h2>\r\n\r\n<p>Описание услуги предлагаемой АПК &quot;АГРО БИЗНЕС АЛЬЯНС&quot;. В дальнейшем здесь будет текст.</p>\r\n</div>\r\n</div>\r\n</div>\r\n</div>\r\n</div>\r\n\r\n<div class=\"col-md-3\">\r\n<div class=\"card\">\r\n<h5 class=\"card-header\">Есть вопросы?</h5>\r\n\r\n<div class=\"card-body lh-lg fs-5\">\r\n<p class=\"fs-5 fw-weight-bold\" style=\"text-align: justify; \">Если у Вас возникли какие-то вопросы, если Вы заинтересованы в сотрудничестве с нашей компанией, то мы ждем Вашего звонка по телефонам</p>\r\n\r\n<div class=\"card-text md-2\">+7 (4862) 72-20-94</div>\r\n\r\n<div class=\"card-text md-2\">+7 (900) 484-48-94</div>\r\n<button class=\"btn btn-outline-danger\" data-target=\"#myModal\" data-toggle=\"modal\" type=\"button\">Написать нам</button></div>\r\n</div>\r\n</div>\r\n</div>\r\n</div>\r\n\r\n<p>&nbsp;</p>", "created_at": "2023-09-30", "on_main_menu": true, "href": null, "slug": "zapchasti"}}, {"model": "main.pagecontent", "pk": 8, "fields": {"title": "Сервис и ремонт", "content": "<p>&nbsp;</p>\r\n\r\n<div class=\"container\">\r\n<div class=\"row \">\r\n<div class=\"col-md-9 card\">\r\n<div class=\"container px-4 py-5\" id=\"hanging-icons\">\r\n<h2 class=\"pb-2 border-bottom\">КАКИЕ УСЛУГИ МЫ ПРЕДЛАГАЕМ?</h2>\r\n\r\n<div class=\"row g-4 py-5 row-cols-1 row-cols-lg-2\">\r\n<div class=\"col d-flex align-items-start\">\r\n<div class=\"icon-square bg-light text-dark flex-shrink-0 me-3\"><img alt=\"\" src=\"/media/uploads/2023/11/28/rijytj.png\" /></div>\r\n\r\n<div>\r\n<h2>Название услуги</h2>\r\n\r\n<p>Описание услуги предлагаемой АПК &quot;АГРО БИЗНЕС АЛЬЯНС&quot;. В дальнейшем здесь будет текст.</p>\r\n</div>\r\n</div>\r\n\r\n<div class=\"col d-flex align-items-start\">\r\n<div class=\"icon-square bg-light text-dark flex-shrink-0 me-3\"><img alt=\"\" src=\"/media/uploads/2023/11/28/rijytj.png\" /></div>\r\n\r\n<div>\r\n<h2>Название услуги</h2>\r\n\r\n<p>Описание услуги предлагаемой АПК &quot;АГРО БИЗНЕС АЛЬЯНС&quot;. В дальнейшем здесь будет текст.</p>\r\n</div>\r\n</div>\r\n\r\n<div class=\"col d-flex align-items-start\">\r\n<div class=\"icon-square bg-light text-dark flex-shrink-0 me-3\"><img alt=\"\" src=\"/media/uploads/2023/11/28/rijytj.png\" /></div>\r\n\r\n<div>\r\n<h2>Название услуги</h2>\r\n\r\n<p>Описание услуги предлагаемой АПК &quot;АГРО БИЗНЕС АЛЬЯНС&quot;. В дальнейшем здесь будет текст.</p>\r\n</div>\r\n</div>\r\n\r\n<div class=\"col d-flex align-items-start\">\r\n<div class=\"icon-square bg-light text-dark flex-shrink-0 me-3\"><img alt=\"\" src=\"/media/uploads/2023/11/28/rijytj.png\" /></div>\r\n\r\n<div>\r\n<h2>Название услуги</h2>\r\n\r\n<p>Описание услуги предлагаемой АПК &quot;АГРО БИЗНЕС АЛЬЯНС&quot;. В дальнейшем здесь будет текст.</p>\r\n</div>\r\n</div>\r\n\r\n<div class=\"col d-flex align-items-start\">\r\n<div class=\"icon-square bg-light text-dark flex-shrink-0 me-3\"><img alt=\"\" src=\"/media/uploads/2023/11/28/rijytj.png\" /></div>\r\n\r\n<div>\r\n<h2>Название услуги</h2>\r\n\r\n<p>Описание услуги предлагаемой АПК &quot;АГРО БИЗНЕС АЛЬЯНС&quot;. В дальнейшем здесь будет текст.</p>\r\n</div>\r\n</div>\r\n\r\n<div class=\"col d-flex align-items-start\">\r\n<div class=\"icon-square bg-light text-dark flex-shrink-0 me-3\"><img alt=\"\" src=\"/media/uploads/2023/11/28/rijytj.png\" /></div>\r\n\r\n<div>\r\n<h2>Название услуги</h2>\r\n\r\n<p>Описание услуги предлагаемой АПК &quot;АГРО БИЗНЕС АЛЬЯНС&quot;. В дальнейшем здесь будет текст.</p>\r\n</div>\r\n</div>\r\n\r\n<div class=\"col d-flex align-items-start\">\r\n<div class=\"icon-square bg-light text-dark flex-shrink-0 me-3\"><img alt=\"\" src=\"/media/uploads/2023/11/28/rijytj.png\" /></div>\r\n\r\n<div>\r\n<h2>Название услуги</h2>\r\n\r\n<p>Описание услуги предлагаемой АПК &quot;АГРО БИЗНЕС АЛЬЯНС&quot;. В дальнейшем здесь будет текст.</p>\r\n</div>\r\n</div>\r\n\r\n<div class=\"col d-flex align-items-start\">\r\n<div class=\"icon-square bg-light text-dark flex-shrink-0 me-3\"><img alt=\"\" src=\"/media/uploads/2023/11/28/rijytj.png\" /></div>\r\n\r\n<div>\r\n<h2>Название услуги</h2>\r\n\r\n<p>Описание услуги предлагаемой АПК &quot;АГРО БИЗНЕС АЛЬЯНС&quot;. В дальнейшем здесь будет текст.</p>\r\n</div>\r\n</div>\r\n\r\n<div class=\"col d-flex align-items-start\">\r\n<div class=\"icon-square bg-light text-dark flex-shrink-0 me-3\"><img alt=\"\" src=\"/media/uploads/2023/11/28/rijytj.png\" /></div>\r\n\r\n<div>\r\n<h2>Название услуги</h2>\r\n\r\n<p>Описание услуги предлагаемой АПК &quot;АГРО БИЗНЕС АЛЬЯНС&quot;. В дальнейшем здесь будет текст.</p>\r\n</div>\r\n</div>\r\n</div>\r\n</div>\r\n</div>\r\n\r\n<div class=\"col-md-3\">\r\n<div class=\"card bg-danger\">\r\n<h5 class=\"card-header\"><span style=\"color:#ffffff;\">Есть вопросы?</span></h5>\r\n\r\n<div class=\"card-body lh-lg fs-5\">\r\n<p class=\"fs-5 fw-weight-bold\" style=\"text-align: justify; \"><span style=\"color:#ffffff;\">Если у Вас возникли какие-то вопросы, если Вы заинтересованы в сотрудничестве с нашей компанией, то мы ждем Вашего звонка по телефонам</span></p>\r\n\r\n<div class=\"card-text md-2\"><span style=\"color:#ffffff;\">+7 (4862) 72-20-94</span></div>\r\n\r\n<div class=\"card-text md-2\"><span style=\"color:#ffffff;\">+7 (900) 484-48-94</span></div>\r\n<button class=\"btn btn-outline-light\" data-target=\"#myModal\" data-toggle=\"modal\" type=\"button\">Написать нам</button></div>\r\n</div>\r\n</div>\r\n</div>\r\n</div>\r\n\r\n<p>&nbsp;</p>", "created_at": "2023-09-30", "on_main_menu": true, "href": null, "slug": "servis-i-remont"}}, {"model": "main.pagecontent", "pk": 9, "fields": {"title": "Финансовые инструменты", "content": "<div id=\"a4\">\r\n                        <p style=\"text-align: center;\">&nbsp;<img class=\"aligncenter wp-image-797\" src=\"https://apkaba.ru/wp-content/uploads/2015/05/Рубль.jpg\" alt=\"Рубль\" width=\"200\" height=\"292\"></p>\r\n<p style=\"text-align: justify;\">В современных конкурентных условиях важно помочь клиенту найти лучшие условия по финансированию покупки. В этом направлении мы прилагаем большие усилия, предлагая оптимальные схемы и способы финансирования конечных потребителей&nbsp;нашей техники.</p>\r\n<h2 style=\"text-align: center;\"></h2>\r\n<h2 style=\"text-align: center;\"><strong><span style=\"color: #993300;\">Мы работаем с:</span></strong></h2>\r\n<p><a href=\"http://www.rosagroleasing.ru\"><img class=\"alignnone wp-image-784 aligncenter\" src=\"https://apkaba.ru/wp-content/uploads/2015/05/РАЛ.jpg\" alt=\"РАЛ\" width=\"70\" height=\"73\"></a></p>\r\n<p><a href=\"https://www.rshb.ru/\"><img class=\"alignnone wp-image-785 aligncenter\" src=\"https://apkaba.ru/wp-content/uploads/2015/05/РСХБ.jpg\" alt=\"РСХБ\" width=\"58\" height=\"70\"></a></p>\r\n<p><a href=\"http://www.sberbank.ru/ru/person\"><img class=\"alignnone wp-image-788 aligncenter\" src=\"https://apkaba.ru/wp-content/uploads/2015/05/СБ.jpg\" alt=\"СБ\" width=\"97\" height=\"70\"></a></p>\r\n<p><a href=\"https://www.sberleasing.ru\"><img class=\"alignnone wp-image-791 aligncenter\" src=\"https://apkaba.ru/wp-content/uploads/2015/05/СБЛ.jpg\" alt=\"СБЛ\" width=\"250\" height=\"40\"></a></p>\r\n<p><a href=\"https://baltlease.ru\"><img class=\"alignnone wp-image-4746 aligncenter\" src=\"https://apkaba.ru/wp-content/uploads/2015/05/Балт-лизинг.jpg\" alt=\"Балт лизинг\" width=\"147\" height=\"40\"></a></p>\r\n<p><a href=\"https://europlan.ru\"><img class=\"alignnone wp-image-4747 aligncenter\" src=\"https://apkaba.ru/wp-content/uploads/2015/05/europlan_200.jpg\" alt=\"europlan_200\" width=\"116\" height=\"40\"></a></p>\r\n<p><a href=\"http://elementleasing.ru\"><img class=\"alignnone wp-image-4748 aligncenter\" src=\"https://apkaba.ru/wp-content/uploads/2015/05/element-lizing_200.jpg\" alt=\"element-lizing_200\" width=\"108\" height=\"40\"></a></p>\r\n<p>&nbsp;</p>\r\n<p><img class=\"alignnone wp-image-782 aligncenter\" src=\"https://apkaba.ru/wp-content/uploads/2015/05/1432.jpg\" alt=\"1432\" width=\"200\" height=\"69\"></p>\r\n                                                                    </div>", "created_at": "2023-09-30", "on_main_menu": true, "href": null, "slug": "finansovye-instrumenty"}}, {"model": "main.importantinfo", "pk": 1, "fields": {"title": "Пример важной информации-1", "content": "<p>Пример важной информации-1</p>", "created_at": "2023-09-24", "image": "important_info/i.webp", "slug": "primer-vazhnoj-informacii-1", "picture_url": null}}, {"model": "main.importantinfo", "pk": 2, "fields": {"title": "Пример важной информации-2", "content": "<p>Пример важной информации-2</p>", "created_at": "2023-09-24", "image": "important_info/i_MAbCwS9.webp", "slug": "primer-vazhnoj-informacii-2", "picture_url": null}}, {"model": "main.importantinfo", "pk": 3, "fields": {"title": "Пример важной информации-3", "content": "<p>Пример важной информации-3</p>", "created_at": "2023-09-24", "image": "important_info/i_6RBnTkR.webp", "slug": "primer-vazhnoj-informacii-3", "picture_url": null}}, {"model": "main.importantinfo", "pk": 4, "fields": {"title": "Пример важной информации-4", "content": "<p>Пример важной информации-4</p>", "created_at": "2023-09-24", "image": "important_info/i_xLrI4nj.webp", "slug": "primer-vazhnoj-informacii-4", "picture_url": null}}, {"model": "main.importantinfo", "pk": 5, "fields": {"title": "Пример важной информации-5", "content": "<p>Пример важной информации-5</p>", "created_at": "2023-09-24", "image": "important_info/i_FJUBTWJ.webp", "slug": "primer-vazhnoj-informacii-5", "picture_url": null}}, {"model": "main.akciicategories", "pk": 1, "fields": {"title": "На сельскохозяйственную технику", "image": "akcii_category/АКЦИЯ-150x87.jpg", "slug": "na-selskohozyajstvennuyu-tehniku", "picture_url": null}}, {"model": "main.akciicategories", "pk": 2, "fields": {"title": "Реализация склада готовой продукции", "image": "akcii_category/РСГП_м-150x90.jpg", "slug": "realizaciya-sklada-gotovoj-produkcii", "picture_url": null}}, {"model": "main.akcii", "pk": 1, "fields": {"title": "АКЦИЯ АО «Росагролизинг» «ТРАКТОР ДЛЯ СВОИХ»", "content": "<p style=\"text-align: justify;\"><a href=\"https://apkaba.ru/wp-content/uploads/2020/02/ПТЗ_эмблема.jpg\"><img alt=\"ПТЗ_эмблема\" height=\"287\" src=\"https://apkaba.ru/wp-content/uploads/2020/02/ПТЗ_эмблема.jpg\" width=\"286\" /></a><a href=\"https://apkaba.ru/wp-content/uploads/2023/09/Кировец-в-Росагролизинг_650.jpg\"><img alt=\"Кировец в Росагролизинг_650\" height=\"900\" src=\"https://apkaba.ru/wp-content/uploads/2023/09/Кировец-в-Росагролизинг_650.jpg\" width=\"650\" /></a></p>", "image": "akcii_image/ПТЗ_эмблема.jpg", "created_at": "2023-09-24", "slug": "akciya-ao-rosagrolizing-traktor-dlya-svoih", "akciicategories": 1, "picture_url": "/media/akcii_image/%D0%9F%D0%A2%D0%97_%D1%8D%D0%BC%D0%B1%D0%BB%D0%B5%D0%BC%D0%B0.jpg"}}, {"model": "main.akcii", "pk": 2, "fields": {"title": "СИПМА РУ. Фиксируем цены в рублях!", "content": "<p style=\"text-align: justify;\"><a href=\"https://apkaba.ru/wp-content/uploads/2023/08/SIPMA_акция.jpg\"><img alt=\"SIPMA_акция\" height=\"770\" src=\"https://apkaba.ru/wp-content/uploads/2023/08/SIPMA_акция.jpg\" width=\"600\" /></a></p>", "image": "akcii_image/SIPMA_акция.jpg", "created_at": "2023-09-24", "slug": "sipma-ru-fiksiruem-ceny-v-rublyah", "akciicategories": 1, "picture_url": "/media/akcii_image/SIPMA_%D0%B0%D0%BA%D1%86%D0%B8%D1%8F.jpg"}}, {"model": "main.akcii", "pk": 3, "fields": {"title": "Сцепки борон СБГ «ЗАРЯ»", "content": "<p style=\"text-align: justify;\"><a href=\"https://apkaba.ru/wp-content/uploads/2023/08/Сцепки-борон-АКЦИЯ_6501.jpg\"><img alt=\"Сцепки борон АКЦИЯ_650\" height=\"942\" src=\"https://apkaba.ru/wp-content/uploads/2023/08/Сцепки-борон-АКЦИЯ_6501.jpg\" width=\"650\" /></a></p>", "image": "akcii_image/Сцепки-борон-АКЦИЯ_6501.jpg", "created_at": "2023-09-24", "slug": "scepki-boron-sbg-zarya", "akciicategories": 1, "picture_url": "/media/akcii_image/%D0%A1%D1%86%D0%B5%D0%BF%D0%BA%D0%B8-%D0%B1%D0%BE%D1%80%D0%BE%D0%BD-%D0%90%D0%9A%D0%A6%D0%98%D0%AF_6501.jpg"}}, {"model": "main.akcii", "pk": 4, "fields": {"title": "Старт программы «1432» на тракторы «Кировец»", "content": "<p style=\"text-align: justify;\"><a href=\"https://apkaba.ru/wp-content/uploads/2020/02/ПТЗ_эмблема.jpg\"><img alt=\"ПТЗ_эмблема\" height=\"287\" src=\"https://apkaba.ru/wp-content/uploads/2020/02/ПТЗ_эмблема.jpg\" width=\"286\" /></a><a href=\"https://apkaba.ru/wp-content/uploads/2023/06/Тракторы-Кировец-СТАРТ-1432_600.jpg\"><img alt=\"Тракторы Кировец СТАРТ 1432_600\" height=\"942\" src=\"https://apkaba.ru/wp-content/uploads/2023/06/Тракторы-Кировец-СТАРТ-1432_600.jpg\" width=\"650\" /></a></p>", "image": "akcii_image/ПТЗ_эмблема_fWffWgN.jpg", "created_at": "2023-09-24", "slug": "start-programmy-1432-na-traktory-kirovec", "akciicategories": 1, "picture_url": "/media/akcii_image/%D0%9F%D0%A2%D0%97_%D1%8D%D0%BC%D0%B1%D0%BB%D0%B5%D0%BC%D0%B0_fWffWgN.jpg"}}, {"model": "main.akcii", "pk": 5, "fields": {"title": "VIBRO TILL 2800-80", "content": "<h2><a href=\"https://apkaba.ru/wp-content/uploads/2015/06/VT.jpg\"><img alt=\"VT\" height=\"440\" src=\"https://apkaba.ru/wp-content/uploads/2015/06/VT.jpg\" width=\"600\" /></a></h2>\r\n\r\n<p>Культиватор <strong>Vibro Till 2800-80</strong> предназначен для сплошной&nbsp;предпосевной обработки почвы, обеспечивает качественное рыхление почвы на заданную глубину с подрезанием, вычесыванием сорняков.</p>\r\n\r\n<p><iframe allow=\"accelerometer; autoplay; clipboard-write; encrypted-media; gyroscope; picture-in-picture; web-share\" allowfullscreen=\"\" frameborder=\"0\" height=\"360\" sandbox=\"\" src=\"https://www.youtube.com/embed/az2aJ6GnJrY\" title=\"VIBRO TILL 2800\" width=\"641\"></iframe></p>\r\n\r\n<p><a href=\"https://apkaba.ru/wp-content/uploads/2015/04/VT-2800-80.jpg\"><img alt=\"vt-2800-80\" height=\"700\" src=\"https://apkaba.ru/wp-content/uploads/2015/04/VT-2800-80-e1548914581256.jpg\" width=\"600\" /></a><a href=\"https://apkaba.ru/wp-content/uploads/2015/04/VT_3c.jpg\"><img alt=\"VT_3c\" height=\"370\" src=\"https://apkaba.ru/wp-content/uploads/2015/04/VT_3c-e1548914665465.jpg\" width=\"556\" /></a></p>", "image": "akcii_image/VT.jpg", "created_at": "2023-09-24", "slug": "vibro-till-2800-80", "akciicategories": 2, "picture_url": "/media/akcii_image/VT.jpg"}}, {"model": "main.sertificates", "pk": 1, "fields": {"title": "1", "image": "sert/SaMASZ_650.jpg"}}, {"model": "main.sertificates", "pk": 2, "fields": {"title": "2", "image": "sert/SIPMA_650.jpg"}}, {"model": "main.sertificates", "pk": 3, "fields": {"title": "3", "image": "sert/Алмаз_600.jpg"}}, {"model": "main.sertificates", "pk": 4, "fields": {"title": "4", "image": "sert/АТЛ_650.jpg"}}, {"model": "main.sertificates", "pk": 5, "fields": {"title": "5", "image": "sert/ДИАС_6001.jpg"}}, {"model": "main.sertificates", "pk": 6, "fields": {"title": "6", "image": "sert/МастерРесурс.jpg"}}, {"model": "main.sertificates", "pk": 7, "fields": {"title": "7", "image": "sert/ПТЗ_6001.jpg"}}, {"model": "main.sertificates", "pk": 8, "fields": {"title": "8", "image": "sert/ПТЗ_Васютин_600.jpg"}}, {"model": "main.sertificates", "pk": 9, "fields": {"title": "9", "image": "sert/ПТЗ_Моисеев_600.jpg"}}, {"model": "main.sertificates", "pk": 10, "fields": {"title": "q", "image": "sert/ПТЗ_Савостикова_600.jpg"}}, {"model": "main.sertificates", "pk": 11, "fields": {"title": "w", "image": "sert/сертификат-АПК-АБА_ГСМ_650.jpg"}}, {"model": "main.sertificates", "pk": 12, "fields": {"title": "e", "image": "sert/Ярославич_650.jpg"}}, {"model": "main.buklet", "pk": 1, "fields": {"title": "1", "image": "sert/16-e1590497290823.jpg"}}, {"model": "main.buklet", "pk": 2, "fields": {"title": "2", "image": "sert/21-e1590497306421.jpg"}}, {"model": "main.buklet", "pk": 3, "fields": {"title": "3", "image": "sert/31-e1590497322470.jpg"}}, {"model": "main.buklet", "pk": 4, "fields": {"title": "4", "image": "sert/41-e1590497365148.jpg"}}, {"model": "main.buklet", "pk": 5, "fields": {"title": "5", "image": "sert/51-e1590497378986.jpg"}}, {"model": "main.buklet", "pk": 6, "fields": {"title": "6", "image": "sert/61-e1590497387516.jpg"}}, {"model": "main.buklet", "pk": 7, "fields": {"title": "7", "image": "sert/71-e1590497396859.jpg"}}, {"model": "main.buklet", "pk": 8, "fields": {"title": "8", "image": "sert/81-e1590497407158.jpg"}}, {"model": "main.buklet", "pk": 9, "fields": {"title": "9", "image": "sert/91-e1590497418549.jpg"}}]